"slotID","slot_Date","slot_Time","slot_Status","slot_Price","fieldID"
"SLOT68bfe36f60623","2025-09-09","08:00:00","available","450","F01"
"SLOT68bfe36f61ec8","2025-09-09","10:00:00","available","450","F01"
"SLOT68bfe36f62732","2025-09-09","12:00:00","available","450","F01"
"SLOT68bfe36f63339","2025-09-09","14:00:00","available","450","F01"
"SLOT68bfe36f63b60","2025-09-09","16:00:00","available","500","F01"
"SLOT68bfe36f64225","2025-09-09","18:00:00","available","500","F01"
"SLOT68bfe36f6471c","2025-09-09","20:00:00","available","550","F01"
"SLOT68bfe36f64e0a","2025-09-09","22:00:00","available","550","F01"
"SLOT68bfe7b7aa772","2025-09-10","08:00:00","available","450","F01"
"SLOT68bfe7b7abb32","2025-09-10","10:00:00","available","450","F01"
"SLOT68bfe7b7ac304","2025-09-10","12:00:00","available","450","F01"
"SLOT68bfe7b7ac8e2","2025-09-10","14:00:00","available","450","F01"
"SLOT68bfe7b7ad2cd","2025-09-10","16:00:00","available","500","F01"
"SLOT68bfe7b7ad81e","2025-09-10","18:00:00","available","500","F01"
"SLOT68bfe7b7ade31","2025-09-10","20:00:00","available","550","F01"
"SLOT68bfe7b7ae358","2025-09-10","22:00:00","available","550","F01"
"SLOT68bfe7b7aef5a","2025-09-11","08:00:00","available","450","F01"
"SLOT68bfe7b7af799","2025-09-11","10:00:00","available","450","F01"
"SLOT68bfe7b7afeba","2025-09-11","12:00:00","available","450","F01"
"SLOT68bfe7b7b045f","2025-09-11","14:00:00","available","450","F01"
"SLOT68bfe7b7b0a69","2025-09-11","16:00:00","available","500","F01"
"SLOT68bfe7b7b103f","2025-09-11","18:00:00","available","500","F01"
"SLOT68bfe7b7b153e","2025-09-11","20:00:00","available","550","F01"
"SLOT68bfe7b7b1a56","2025-09-11","22:00:00","available","550","F01"
"SLOT68bfe7b7b267d","2025-09-12","08:00:00","available","450","F01"
"SLOT68bfe7b7b2bed","2025-09-12","10:00:00","available","450","F01"
"SLOT68bfe7b7b313d","2025-09-12","12:00:00","available","450","F01"
"SLOT68bfe7b7b35f7","2025-09-12","14:00:00","available","450","F01"
"SLOT68bfe7b7b3b2e","2025-09-12","16:00:00","available","500","F01"
"SLOT68bfe7b7b407b","2025-09-12","18:00:00","available","500","F01"
"SLOT68bfe7b7b46a6","2025-09-12","20:00:00","available","550","F01"
"SLOT68bfe7b7b4c21","2025-09-12","22:00:00","available","550","F01"
"SLOT68bfe7b7b55bd","2025-09-13","08:00:00","available","450","F01"
"SLOT68bfe7b7b59dd","2025-09-13","10:00:00","available","450","F01"
"SLOT68bfe7b7b5e63","2025-09-13","12:00:00","available","450","F01"
"SLOT68bfe7b7b62c6","2025-09-13","14:00:00","occupied","450","F01"
"SLOT68bfe7b7b6893","2025-09-13","16:00:00","available","500","F01"
"SLOT68bfe7b7b6e40","2025-09-13","18:00:00","available","500","F01"
"SLOT68bfe7b7b73d3","2025-09-13","20:00:00","available","550","F01"
"SLOT68bfe7b7b7a5c","2025-09-13","22:00:00","occupied","550","F01"
"SLOT68bfe7b7b874f","2025-09-14","08:00:00","available","450","F01"
"SLOT68bfe7b7b8c58","2025-09-14","10:00:00","available","450","F01"
"SLOT68bfe7b7b919c","2025-09-14","12:00:00","available","450","F01"
"SLOT68bfe7b7b9733","2025-09-14","14:00:00","available","450","F01"
"SLOT68bfe7b7b9beb","2025-09-14","16:00:00","available","500","F01"
"SLOT68bfe7b7ba080","2025-09-14","18:00:00","available","500","F01"
"SLOT68bfe7b7ba4aa","2025-09-14","20:00:00","available","550","F01"
"SLOT68bfe7b7ba9e5","2025-09-14","22:00:00","available","550","F01"
"SLOT68bfe7b7bb4fa","2025-09-15","08:00:00","available","450","F01"
"SLOT68bfe7b7bbaa9","2025-09-15","10:00:00","available","450","F01"
"SLOT68bfe7b7bc0dc","2025-09-15","12:00:00","available","450","F01"
"SLOT68bfe7b7bc62a","2025-09-15","14:00:00","available","450","F01"
"SLOT68bfe7b7bcbec","2025-09-15","16:00:00","available","500","F01"
"SLOT68bfe7b7bd1a3","2025-09-15","18:00:00","available","500","F01"
"SLOT68bfe7b7bd706","2025-09-15","20:00:00","available","550","F01"
"SLOT68bfe7b7bdb84","2025-09-15","22:00:00","available","550","F01"
"SLOT68c12f4dc039c","2025-09-16","08:00:00","available","450","F01"
"SLOT68c12f4dc182b","2025-09-16","10:00:00","available","450","F01"
"SLOT68c12f4dc2228","2025-09-16","12:00:00","available","450","F01"
"SLOT68c12f4dc2941","2025-09-16","14:00:00","available","450","F01"
"SLOT68c12f4dc2e77","2025-09-16","16:00:00","available","500","F01"
"SLOT68c12f4dc366c","2025-09-16","18:00:00","available","500","F01"
"SLOT68c12f4dc3f71","2025-09-16","20:00:00","available","550","F01"
"SLOT68c12f4dc450f","2025-09-16","22:00:00","available","550","F01"
"SLOT68c3cd42cad73","2025-09-17","08:00:00","available","450","F01"
"SLOT68c3cd42cc702","2025-09-17","10:00:00","available","450","F01"
"SLOT68c3cd42ccc9b","2025-09-17","12:00:00","available","450","F01"
"SLOT68c3cd42cd270","2025-09-17","14:00:00","available","450","F01"
"SLOT68c3cd42cd6a9","2025-09-17","16:00:00","available","500","F01"
"SLOT68c3cd42cdb49","2025-09-17","18:00:00","available","500","F01"
"SLOT68c3cd42ce199","2025-09-17","20:00:00","available","550","F01"
"SLOT68c3cd42ce87e","2025-09-17","22:00:00","available","550","F01"
"SLOT68c3cd42cf88e","2025-09-18","08:00:00","available","450","F01"
"SLOT68c3cd42cfd87","2025-09-18","10:00:00","available","450","F01"
"SLOT68c3cd42d02cb","2025-09-18","12:00:00","available","450","F01"
"SLOT68c3cd42d06da","2025-09-18","14:00:00","available","450","F01"
"SLOT68c3cd42d0ab3","2025-09-18","16:00:00","available","500","F01"
"SLOT68c3cd42d1027","2025-09-18","18:00:00","available","500","F01"
"SLOT68c3cd42d1469","2025-09-18","20:00:00","available","550","F01"
"SLOT68c3cd42d1949","2025-09-18","22:00:00","available","550","F01"
"SLOT68c52956d5453","2025-09-19","08:00:00","available","450","F01"
"SLOT68c52956d6f86","2025-09-19","10:00:00","available","450","F01"
"SLOT68c52956d78c7","2025-09-19","12:00:00","available","450","F01"
"SLOT68c52956d7fbd","2025-09-19","14:00:00","available","450","F01"
"SLOT68c52956d85f0","2025-09-19","16:00:00","available","500","F01"
"SLOT68c52956d8bf6","2025-09-19","18:00:00","available","500","F01"
"SLOT68c52956d8e8c","2025-09-19","20:00:00","occupied","550","F01"
"SLOT68c52956d91b3","2025-09-19","22:00:00","available","550","F01"
"SLOT68c6602500630","2025-09-20","08:00:00","available","450","F01"
"SLOT68c660250244a","2025-09-20","10:00:00","available","450","F01"
"SLOT68c6602502c8e","2025-09-20","12:00:00","available","450","F01"
"SLOT68c66025033ae","2025-09-20","14:00:00","available","450","F01"
"SLOT68c6602503b8b","2025-09-20","16:00:00","available","500","F01"
"SLOT68c66025041a8","2025-09-20","18:00:00","available","500","F01"
"SLOT68c6602504a9a","2025-09-20","20:00:00","available","550","F01"
"SLOT68c6602505152","2025-09-20","22:00:00","available","550","F01"
"SLOT68c7c95a208df","2025-09-21","08:00:00","available","450","F01"
"SLOT68c7c95a22010","2025-09-21","10:00:00","available","450","F01"
"SLOT68c7c95a22421","2025-09-21","12:00:00","available","450","F01"
"SLOT68c7c95a226e4","2025-09-21","14:00:00","available","450","F01"
"SLOT68c7c95a229e3","2025-09-21","16:00:00","available","500","F01"
"SLOT68c7c95a22ffa","2025-09-21","18:00:00","available","500","F01"
"SLOT68c7c95a234d9","2025-09-21","20:00:00","available","550","F01"
"SLOT68c7c95a23972","2025-09-21","22:00:00","available","550","F01"
"SLOT68c865e20b9cf","2025-09-22","08:00:00","available","450","F01"
"SLOT68c865e20d04b","2025-09-22","10:00:00","available","450","F01"
"SLOT68c865e20d7d1","2025-09-22","12:00:00","available","450","F01"
"SLOT68c865e20df06","2025-09-22","14:00:00","available","450","F01"
"SLOT68c865e20e612","2025-09-22","16:00:00","available","500","F01"
"SLOT68c865e20eb82","2025-09-22","18:00:00","available","500","F01"
"SLOT68c865e20f17b","2025-09-22","20:00:00","available","550","F01"
"SLOT68c865e20f650","2025-09-22","22:00:00","available","550","F01"
"SLOT68c97fb102b7f","2025-09-23","08:00:00","available","450","F01"
"SLOT68c97fb104019","2025-09-23","10:00:00","available","450","F01"
"SLOT68c97fb10457b","2025-09-23","12:00:00","available","450","F01"
"SLOT68c97fb104af2","2025-09-23","14:00:00","available","450","F01"
"SLOT68c97fb1052a3","2025-09-23","16:00:00","available","500","F01"
"SLOT68c97fb105bc6","2025-09-23","18:00:00","available","500","F01"
"SLOT68c97fb106305","2025-09-23","20:00:00","available","550","F01"
"SLOT68c97fb106c0d","2025-09-23","22:00:00","available","550","F01"
"SLOT68c97fb10ba8e","2025-09-24","08:00:00","available","450","F01"
"SLOT68c97fb10c131","2025-09-24","10:00:00","available","450","F01"
"SLOT68c97fb10c8ad","2025-09-24","12:00:00","available","450","F01"
"SLOT68c97fb10d09c","2025-09-24","14:00:00","available","450","F01"
"SLOT68c97fb10d78f","2025-09-24","16:00:00","available","500","F01"
"SLOT68c97fb10deeb","2025-09-24","18:00:00","available","500","F01"
"SLOT68c97fb10e451","2025-09-24","20:00:00","available","550","F01"
"SLOT68c97fb10eaf8","2025-09-24","22:00:00","available","550","F01"
"SLOT68c97fb112d02","2025-09-25","08:00:00","available","450","F01"
"SLOT68c97fb113286","2025-09-25","10:00:00","available","450","F01"
"SLOT68c97fb1138ef","2025-09-25","12:00:00","available","450","F01"
"SLOT68c97fb113f5f","2025-09-25","14:00:00","available","450","F01"
"SLOT68c97fb1146f0","2025-09-25","16:00:00","available","500","F01"
"SLOT68c97fb114df7","2025-09-25","18:00:00","available","500","F01"
"SLOT68c97fb1154e1","2025-09-25","20:00:00","available","550","F01"
"SLOT68c97fb116223","2025-09-25","22:00:00","available","550","F01"
"SLOT68c97fb11a0fe","2025-09-26","08:00:00","available","450","F01"
"SLOT68c97fb11a45f","2025-09-26","10:00:00","available","450","F01"
"SLOT68c97fb11a74a","2025-09-26","12:00:00","available","450","F01"
"SLOT68c97fb11aa4b","2025-09-26","14:00:00","available","450","F01"
"SLOT68c97fb11b31f","2025-09-26","16:00:00","available","500","F01"
"SLOT68c97fb11b914","2025-09-26","18:00:00","available","500","F01"
"SLOT68c97fb11be00","2025-09-26","20:00:00","available","550","F01"
"SLOT68c97fb11c160","2025-09-26","22:00:00","available","550","F01"
"SLOT68c97fb11f630","2025-09-27","08:00:00","available","450","F01"
"SLOT68c97fb11f9fb","2025-09-27","10:00:00","available","450","F01"
"SLOT68c97fb11fd00","2025-09-27","12:00:00","available","450","F01"
"SLOT68c97fb1203e3","2025-09-27","14:00:00","available","450","F01"
"SLOT68c97fb120b85","2025-09-27","16:00:00","available","500","F01"
"SLOT68c97fb1212de","2025-09-27","18:00:00","available","500","F01"
"SLOT68c97fb121b26","2025-09-27","20:00:00","available","550","F01"
"SLOT68c97fb12253c","2025-09-27","22:00:00","available","550","F01"
"SLOT68c97fb125e34","2025-09-28","08:00:00","available","450","F01"
"SLOT68c97fb126490","2025-09-28","10:00:00","available","450","F01"
"SLOT68c97fb126c67","2025-09-28","12:00:00","available","450","F01"
"SLOT68c97fb1275e1","2025-09-28","14:00:00","available","450","F01"
"SLOT68c97fb1280a1","2025-09-28","16:00:00","available","500","F01"
"SLOT68c97fb12896c","2025-09-28","18:00:00","available","500","F01"
"SLOT68c97fb12933e","2025-09-28","20:00:00","available","550","F01"
"SLOT68c97fb129a44","2025-09-28","22:00:00","available","550","F01"
"SLOT68c97fb12cbc9","2025-09-29","08:00:00","available","450","F01"
"SLOT68c97fb12cea5","2025-09-29","10:00:00","available","450","F01"
"SLOT68c97fb12d12d","2025-09-29","12:00:00","available","450","F01"
"SLOT68c97fb12d3ef","2025-09-29","14:00:00","available","450","F01"
"SLOT68c97fb12dae6","2025-09-29","16:00:00","available","500","F01"
"SLOT68c97fb12e124","2025-09-29","18:00:00","available","500","F01"
"SLOT68c97fb12e6c7","2025-09-29","20:00:00","available","550","F01"
"SLOT68c97fb12ead2","2025-09-29","22:00:00","available","550","F01"
"SLOT68c97fc298c7e","2025-09-30","08:00:00","available","450","F01"
"SLOT68c97fc29a6c1","2025-09-30","10:00:00","available","450","F01"
"SLOT68c97fc29ad82","2025-09-30","12:00:00","available","450","F01"
"SLOT68c97fc29b2bb","2025-09-30","14:00:00","available","450","F01"
"SLOT68c97fc29b72e","2025-09-30","16:00:00","available","500","F01"
"SLOT68c97fc29bb61","2025-09-30","18:00:00","available","500","F01"
"SLOT68c97fc29c0f6","2025-09-30","20:00:00","available","550","F01"
"SLOT68c97fc29c6cd","2025-09-30","22:00:00","available","550","F01"
"SLOT68c97fc29f9ce","2025-10-01","08:00:00","available","450","F01"
"SLOT68c97fc29ff87","2025-10-01","10:00:00","available","450","F01"
"SLOT68c97fc2a0482","2025-10-01","12:00:00","available","450","F01"
"SLOT68c97fc2a09e8","2025-10-01","14:00:00","available","450","F01"
"SLOT68c97fc2a0e9e","2025-10-01","16:00:00","available","500","F01"
"SLOT68c97fc2a1326","2025-10-01","18:00:00","available","500","F01"
"SLOT68c97fc2a1732","2025-10-01","20:00:00","available","550","F01"
"SLOT68c97fc2a1c0a","2025-10-01","22:00:00","available","550","F01"
"SLOT68c97fc2a4b4a","2025-10-02","08:00:00","available","450","F01"
"SLOT68c97fc2a5061","2025-10-02","10:00:00","available","450","F01"
"SLOT68c97fc2a556e","2025-10-02","12:00:00","available","450","F01"
"SLOT68c97fc2a5a00","2025-10-02","14:00:00","available","450","F01"
"SLOT68c97fc2a5e4b","2025-10-02","16:00:00","available","500","F01"
"SLOT68c97fc2a6230","2025-10-02","18:00:00","available","500","F01"
"SLOT68c97fc2a669c","2025-10-02","20:00:00","available","550","F01"
"SLOT68c97fc2a6b8a","2025-10-02","22:00:00","available","550","F01"
"SLOT68c97fc2a9cba","2025-10-03","08:00:00","available","450","F01"
"SLOT68c97fc2aa1ae","2025-10-03","10:00:00","available","450","F01"
"SLOT68c97fc2aa610","2025-10-03","12:00:00","available","450","F01"
"SLOT68c97fc2aaa9b","2025-10-03","14:00:00","available","450","F01"
"SLOT68c97fc2aaecc","2025-10-03","16:00:00","available","500","F01"
"SLOT68c97fc2ab3f4","2025-10-03","18:00:00","available","500","F01"
"SLOT68c97fc2ab961","2025-10-03","20:00:00","available","550","F01"
"SLOT68c97fc2abeab","2025-10-03","22:00:00","available","550","F01"
"SLOT68c97fc2aee6f","2025-10-04","08:00:00","available","450","F01"
"SLOT68c97fc2af561","2025-10-04","10:00:00","available","450","F01"
"SLOT68c97fc2afa68","2025-10-04","12:00:00","available","450","F01"
"SLOT68c97fc2b0284","2025-10-04","14:00:00","available","450","F01"
"SLOT68c97fc2b0793","2025-10-04","16:00:00","available","500","F01"
"SLOT68c97fc2b0cf5","2025-10-04","18:00:00","available","500","F01"
"SLOT68c97fc2b11a0","2025-10-04","20:00:00","available","550","F01"
"SLOT68c97fc2b15f5","2025-10-04","22:00:00","available","550","F01"
"SLOT68c97fc2b4692","2025-10-05","08:00:00","available","450","F01"
"SLOT68c97fc2b4bdc","2025-10-05","10:00:00","available","450","F01"
"SLOT68c97fc2b501c","2025-10-05","12:00:00","available","450","F01"
"SLOT68c97fc2b54ff","2025-10-05","14:00:00","available","450","F01"
"SLOT68c97fc2b59cd","2025-10-05","16:00:00","available","500","F01"
"SLOT68c97fc2b5df5","2025-10-05","18:00:00","available","500","F01"
"SLOT68c97fc2b61b3","2025-10-05","20:00:00","available","550","F01"
"SLOT68c97fc2b6544","2025-10-05","22:00:00","available","550","F01"
"SLOT68c97fc2b9bf3","2025-10-06","08:00:00","available","450","F01"
"SLOT68c97fc2ba0fe","2025-10-06","10:00:00","available","450","F01"
"SLOT68c97fc2ba51a","2025-10-06","12:00:00","available","450","F01"
"SLOT68c97fc2bab03","2025-10-06","14:00:00","available","450","F01"
"SLOT68c97fc2bb018","2025-10-06","16:00:00","available","500","F01"
"SLOT68c97fc2bb3e6","2025-10-06","18:00:00","available","500","F01"
"SLOT68c97fc2bb814","2025-10-06","20:00:00","available","550","F01"
"SLOT68c97fc2bbb5a","2025-10-06","22:00:00","available","550","F01"
"SLOT68c97fc2be646","2025-10-07","08:00:00","available","450","F01"
"SLOT68c97fc2bead0","2025-10-07","10:00:00","available","450","F01"
"SLOT68c97fc2bee7a","2025-10-07","12:00:00","available","450","F01"
"SLOT68c97fc2bf1c8","2025-10-07","14:00:00","available","450","F01"
"SLOT68c97fc2bf55b","2025-10-07","16:00:00","available","500","F01"
"SLOT68c97fc2bfa78","2025-10-07","18:00:00","available","500","F01"
"SLOT68c97fc2bffdb","2025-10-07","20:00:00","available","550","F01"
"SLOT68c97fc2c04d3","2025-10-07","22:00:00","available","550","F01"
"SLOT68c97fc2c3e6f","2025-10-08","08:00:00","available","450","F01"
"SLOT68c97fc2c455e","2025-10-08","10:00:00","available","450","F01"
"SLOT68c97fc2c4cf5","2025-10-08","12:00:00","available","450","F01"
"SLOT68c97fc2c53a9","2025-10-08","14:00:00","available","450","F01"
"SLOT68c97fc2c5a1b","2025-10-08","16:00:00","available","500","F01"
"SLOT68c97fc2c62ca","2025-10-08","18:00:00","available","500","F01"
"SLOT68c97fc2c6c16","2025-10-08","20:00:00","available","550","F01"
"SLOT68c97fc2c7395","2025-10-08","22:00:00","available","550","F01"
"SLOT68c97fc2ccfd2","2025-10-09","08:00:00","available","450","F01"
"SLOT68c97fc2cd728","2025-10-09","10:00:00","available","450","F01"
"SLOT68c97fc2cdcd5","2025-10-09","12:00:00","available","450","F01"
"SLOT68c97fc2ce250","2025-10-09","14:00:00","available","450","F01"
"SLOT68c97fc2ceb48","2025-10-09","16:00:00","available","500","F01"
"SLOT68c97fc2cf403","2025-10-09","18:00:00","available","500","F01"
"SLOT68c97fc2d0009","2025-10-09","20:00:00","available","550","F01"
"SLOT68c97fc2d0497","2025-10-09","22:00:00","available","550","F01"
"SLOT68c97fc2d5af1","2025-10-10","08:00:00","available","450","F01"
"SLOT68c97fc2d62e7","2025-10-10","10:00:00","available","450","F01"
"SLOT68c97fc2d6ab1","2025-10-10","12:00:00","available","450","F01"
"SLOT68c97fc2d7672","2025-10-10","14:00:00","available","450","F01"
"SLOT68c97fc2d8451","2025-10-10","16:00:00","available","500","F01"
"SLOT68c97fc2d8db9","2025-10-10","18:00:00","available","500","F01"
"SLOT68c97fc2d9aaa","2025-10-10","20:00:00","available","550","F01"
"SLOT68c97fc2da416","2025-10-10","22:00:00","available","550","F01"
"SLOT68c97fc2e0b68","2025-10-11","08:00:00","available","450","F01"
"SLOT68c97fc2e126a","2025-10-11","10:00:00","available","450","F01"
"SLOT68c97fc2e1ec2","2025-10-11","12:00:00","available","450","F01"
"SLOT68c97fc2e275c","2025-10-11","14:00:00","available","450","F01"
"SLOT68c97fc2e307d","2025-10-11","16:00:00","available","500","F01"
"SLOT68c97fc2e386f","2025-10-11","18:00:00","available","500","F01"
"SLOT68c97fc2e4076","2025-10-11","20:00:00","available","550","F01"
"SLOT68c97fc2e4692","2025-10-11","22:00:00","available","550","F01"
"SLOT68c97fc2e7ab3","2025-10-12","08:00:00","available","450","F01"
"SLOT68c97fc2e8148","2025-10-12","10:00:00","available","450","F01"
"SLOT68c97fc2e85fa","2025-10-12","12:00:00","available","450","F01"
"SLOT68c97fc2e8c49","2025-10-12","14:00:00","available","450","F01"
"SLOT68c97fc2e8fa1","2025-10-12","16:00:00","available","500","F01"
"SLOT68c97fc2e948f","2025-10-12","18:00:00","available","500","F01"
"SLOT68c97fc2e9957","2025-10-12","20:00:00","available","550","F01"
"SLOT68c97fc2e9e5d","2025-10-12","22:00:00","available","550","F01"
"SLOT68c97fc2ecd03","2025-10-13","08:00:00","available","450","F01"
"SLOT68c97fc2ed2d6","2025-10-13","10:00:00","available","450","F01"
"SLOT68c97fc2eda08","2025-10-13","12:00:00","available","450","F01"
"SLOT68c97fc2edfd9","2025-10-13","14:00:00","available","450","F01"
"SLOT68c97fc2ee61f","2025-10-13","16:00:00","available","500","F01"
"SLOT68c97fc2eee1a","2025-10-13","18:00:00","available","500","F01"
"SLOT68c97fc2ef599","2025-10-13","20:00:00","available","550","F01"
"SLOT68c97fc2efafe","2025-10-13","22:00:00","available","550","F01"
"SLOT68c97fc2f3ad5","2025-10-14","08:00:00","available","450","F01"
"SLOT68c97fc2f4182","2025-10-14","10:00:00","available","450","F01"
"SLOT68c97fc3008ed","2025-10-14","12:00:00","available","450","F01"
"SLOT68c97fc301190","2025-10-14","14:00:00","available","450","F01"
"SLOT68c97fc301eb1","2025-10-14","16:00:00","available","500","F01"
"SLOT68c97fc3026ba","2025-10-14","18:00:00","available","500","F01"
"SLOT68c97fc302c08","2025-10-14","20:00:00","available","550","F01"
"SLOT68c97fc30301a","2025-10-14","22:00:00","available","550","F01"
"SLOT68c97fc306534","2025-10-15","08:00:00","available","450","F01"
"SLOT68c97fc306970","2025-10-15","10:00:00","available","450","F01"
"SLOT68c97fc306d43","2025-10-15","12:00:00","available","450","F01"
"SLOT68c97fc307356","2025-10-15","14:00:00","available","450","F01"
"SLOT68c97fc30820b","2025-10-15","16:00:00","available","500","F01"
"SLOT68c97fc3088c5","2025-10-15","18:00:00","available","500","F01"
"SLOT68c97fc3090c6","2025-10-15","20:00:00","available","550","F01"
"SLOT68c97fc309860","2025-10-15","22:00:00","available","550","F01"
"SLOT68c989a3abb69","2025-10-16","08:00:00","available","450","F01"
"SLOT68c989a3ad943","2025-10-16","10:00:00","available","450","F01"
"SLOT68c989a3ae122","2025-10-16","12:00:00","available","450","F01"
"SLOT68c989a3ae5e2","2025-10-16","14:00:00","available","450","F01"
"SLOT68c989a3ae9fc","2025-10-16","16:00:00","available","500","F01"
"SLOT68c989a3aee7f","2025-10-16","18:00:00","available","500","F01"
"SLOT68c989a3af3f8","2025-10-16","20:00:00","available","550","F01"
"SLOT68c989a3af980","2025-10-16","22:00:00","available","550","F01"
"SLOT68cbbf9e9c5f3","2025-10-17","08:00:00","available","450","F01"
"SLOT68cbbf9e9e401","2025-10-17","10:00:00","available","450","F01"
"SLOT68cbbf9e9ea9e","2025-10-17","12:00:00","available","450","F01"
"SLOT68cbbf9e9f045","2025-10-17","14:00:00","available","450","F01"
"SLOT68cbbf9e9f739","2025-10-17","16:00:00","available","500","F01"
"SLOT68cbbf9e9fe7b","2025-10-17","18:00:00","available","500","F01"
"SLOT68cbbf9ea04e6","2025-10-17","20:00:00","available","550","F01"
"SLOT68cbbf9ea0b25","2025-10-17","22:00:00","available","550","F01"
"SLOT68cd0608e86b1","2025-10-18","08:00:00","available","450","F01"
"SLOT68cd0608e9795","2025-10-18","10:00:00","available","450","F01"
"SLOT68cd0608ea222","2025-10-18","12:00:00","available","450","F01"
"SLOT68cd0608ea4d5","2025-10-18","14:00:00","available","450","F01"
"SLOT68cd0608ea79e","2025-10-18","16:00:00","available","500","F01"
"SLOT68cd0608eaa3e","2025-10-18","18:00:00","available","500","F01"
"SLOT68cd0608eacab","2025-10-18","20:00:00","available","550","F01"
"SLOT68cd0608eaeea","2025-10-18","22:00:00","available","550","F01"
"SLOT68cd93bedbfe3","2025-10-19","08:00:00","available","450","F01"
"SLOT68cd93bedd9d5","2025-10-19","10:00:00","available","450","F01"
"SLOT68cd93beddff8","2025-10-19","12:00:00","available","450","F01"
"SLOT68cd93bede46c","2025-10-19","14:00:00","available","450","F01"
"SLOT68cd93bede9a3","2025-10-19","16:00:00","available","500","F01"
"SLOT68cd93bedefde","2025-10-19","18:00:00","available","500","F01"
"SLOT68cd93bedf51a","2025-10-19","20:00:00","available","550","F01"
"SLOT68cd93bedfaed","2025-10-19","22:00:00","available","550","F01"
"SLOT68ced0d9e0a6e","2025-10-20","08:00:00","available","450","F01"
"SLOT68ced0d9e25fc","2025-10-20","10:00:00","available","450","F01"
"SLOT68ced0d9e3188","2025-10-20","12:00:00","available","450","F01"
"SLOT68ced0d9e3b7c","2025-10-20","14:00:00","available","450","F01"
"SLOT68ced0d9e4017","2025-10-20","16:00:00","available","500","F01"
"SLOT68ced0d9e4423","2025-10-20","18:00:00","available","500","F01"
"SLOT68ced0d9e49c3","2025-10-20","20:00:00","available","550","F01"
"SLOT68ced0d9e517c","2025-10-20","22:00:00","available","550","F01"
"SLOT68cfb4800a479","2025-09-21","08:00:00","available","350","F02"
"SLOT68cfb4800c0f4","2025-09-21","10:00:00","available","350","F02"
"SLOT68cfb4800c732","2025-09-21","12:00:00","available","350","F02"
"SLOT68cfb4800cbf1","2025-09-21","14:00:00","available","350","F02"
"SLOT68cfb4800d23b","2025-09-21","16:00:00","available","400","F02"
"SLOT68cfb4800d7b8","2025-09-21","18:00:00","available","400","F02"
"SLOT68cfb4800dc91","2025-09-21","20:00:00","available","400","F02"
"SLOT68cfb4800e2c0","2025-09-21","22:00:00","available","400","F02"
"SLOT68cfb480109e8","2025-09-22","08:00:00","available","350","F02"
"SLOT68cfb48011131","2025-09-22","10:00:00","available","350","F02"
"SLOT68cfb4801168a","2025-09-22","12:00:00","available","350","F02"
"SLOT68cfb48011b11","2025-09-22","14:00:00","available","350","F02"
"SLOT68cfb48011e6c","2025-09-22","16:00:00","available","400","F02"
"SLOT68cfb48012342","2025-09-22","18:00:00","available","400","F02"
"SLOT68cfb480128b1","2025-09-22","20:00:00","available","400","F02"
"SLOT68cfb48012cbf","2025-09-22","22:00:00","available","400","F02"
"SLOT68cfb48015e26","2025-09-23","08:00:00","available","350","F02"
"SLOT68cfb4801637d","2025-09-23","10:00:00","available","350","F02"
"SLOT68cfb4801680f","2025-09-23","12:00:00","available","350","F02"
"SLOT68cfb48016c7e","2025-09-23","14:00:00","available","350","F02"
"SLOT68cfb48017098","2025-09-23","16:00:00","available","400","F02"
"SLOT68cfb48017632","2025-09-23","18:00:00","available","400","F02"
"SLOT68cfb48017a66","2025-09-23","20:00:00","available","400","F02"
"SLOT68cfb48017df8","2025-09-23","22:00:00","available","400","F02"
"SLOT68cfb48019be6","2025-09-24","08:00:00","available","350","F02"
"SLOT68cfb48019ef4","2025-09-24","10:00:00","available","350","F02"
"SLOT68cfb4801a227","2025-09-24","12:00:00","available","350","F02"
"SLOT68cfb4801a4b8","2025-09-24","14:00:00","available","350","F02"
"SLOT68cfb4801a726","2025-09-24","16:00:00","available","400","F02"
"SLOT68cfb4801a991","2025-09-24","18:00:00","available","400","F02"
"SLOT68cfb4801ac3d","2025-09-24","20:00:00","available","400","F02"
"SLOT68cfb4801af53","2025-09-24","22:00:00","available","400","F02"
"SLOT68cfb4801cda1","2025-09-25","08:00:00","available","350","F02"
"SLOT68cfb4801d13d","2025-09-25","10:00:00","available","350","F02"
"SLOT68cfb4801d434","2025-09-25","12:00:00","available","350","F02"
"SLOT68cfb4801d69c","2025-09-25","14:00:00","available","350","F02"
"SLOT68cfb4801d9ad","2025-09-25","16:00:00","available","400","F02"
"SLOT68cfb4801dc53","2025-09-25","18:00:00","available","400","F02"
"SLOT68cfb4801df7f","2025-09-25","20:00:00","available","400","F02"
"SLOT68cfb4801e2f0","2025-09-25","22:00:00","available","400","F02"
"SLOT68cfb48020248","2025-09-26","08:00:00","available","350","F02"
"SLOT68cfb480205ba","2025-09-26","10:00:00","available","350","F02"
"SLOT68cfb480208a1","2025-09-26","12:00:00","available","350","F02"
"SLOT68cfb48020b97","2025-09-26","14:00:00","available","350","F02"
"SLOT68cfb48020e7a","2025-09-26","16:00:00","available","400","F02"
"SLOT68cfb4802114b","2025-09-26","18:00:00","available","400","F02"
"SLOT68cfb480214b1","2025-09-26","20:00:00","available","400","F02"
"SLOT68cfb4802174c","2025-09-26","22:00:00","available","400","F02"
"SLOT68cfb48022ed7","2025-09-27","08:00:00","available","350","F02"
"SLOT68cfb480231ea","2025-09-27","10:00:00","available","350","F02"
"SLOT68cfb480234c7","2025-09-27","12:00:00","available","350","F02"
"SLOT68cfb48023777","2025-09-27","14:00:00","available","350","F02"
"SLOT68cfb48023a54","2025-09-27","16:00:00","available","400","F02"
"SLOT68cfb48023d86","2025-09-27","18:00:00","available","400","F02"
"SLOT68cfb480240ca","2025-09-27","20:00:00","available","400","F02"
"SLOT68cfb480245cd","2025-09-27","22:00:00","available","400","F02"
"SLOT68cfb48025f61","2025-09-28","08:00:00","available","350","F02"
"SLOT68cfb48026250","2025-09-28","10:00:00","available","350","F02"
"SLOT68cfb480265bd","2025-09-28","12:00:00","available","350","F02"
"SLOT68cfb48026a6d","2025-09-28","14:00:00","available","350","F02"
"SLOT68cfb48026dda","2025-09-28","16:00:00","available","400","F02"
"SLOT68cfb48027127","2025-09-28","18:00:00","available","400","F02"
"SLOT68cfb480274b6","2025-09-28","20:00:00","available","400","F02"
"SLOT68cfb480279f6","2025-09-28","22:00:00","available","400","F02"
"SLOT68cfb480294ed","2025-09-29","08:00:00","available","350","F02"
"SLOT68cfb48029833","2025-09-29","10:00:00","available","350","F02"
"SLOT68cfb48029b88","2025-09-29","12:00:00","available","350","F02"
"SLOT68cfb4802a0b4","2025-09-29","14:00:00","available","350","F02"
"SLOT68cfb4802a418","2025-09-29","16:00:00","available","400","F02"
"SLOT68cfb4802a77f","2025-09-29","18:00:00","available","400","F02"
"SLOT68cfb4802aab8","2025-09-29","20:00:00","available","400","F02"
"SLOT68cfb4802ad52","2025-09-29","22:00:00","available","400","F02"
"SLOT68cfb4802c945","2025-09-30","08:00:00","available","350","F02"
"SLOT68cfb4802cc85","2025-09-30","10:00:00","available","350","F02"
"SLOT68cfb4802cf33","2025-09-30","12:00:00","available","350","F02"
"SLOT68cfb4802d194","2025-09-30","14:00:00","available","350","F02"
"SLOT68cfb4802d485","2025-09-30","16:00:00","available","400","F02"
"SLOT68cfb4802d9b8","2025-09-30","18:00:00","available","400","F02"
"SLOT68cfb4802dc73","2025-09-30","20:00:00","available","400","F02"
"SLOT68cfb4802e003","2025-09-30","22:00:00","available","400","F02"
"SLOT68cfb480301f2","2025-10-01","08:00:00","available","350","F02"
"SLOT68cfb480305db","2025-10-01","10:00:00","available","350","F02"
"SLOT68cfb480309e1","2025-10-01","12:00:00","available","350","F02"
"SLOT68cfb48030ca3","2025-10-01","14:00:00","available","350","F02"
"SLOT68cfb48030f27","2025-10-01","16:00:00","available","400","F02"
"SLOT68cfb4803122b","2025-10-01","18:00:00","available","400","F02"
"SLOT68cfb480317fc","2025-10-01","20:00:00","available","400","F02"
"SLOT68cfb48031bc4","2025-10-01","22:00:00","available","400","F02"
"SLOT68cfb480337e6","2025-10-02","08:00:00","available","350","F02"
"SLOT68cfb48033abd","2025-10-02","10:00:00","available","350","F02"
"SLOT68cfb48033ce7","2025-10-02","12:00:00","available","350","F02"
"SLOT68cfb48033ee8","2025-10-02","14:00:00","available","350","F02"
"SLOT68cfb4803411e","2025-10-02","16:00:00","available","400","F02"
"SLOT68cfb48034577","2025-10-02","18:00:00","available","400","F02"
"SLOT68cfb480349c3","2025-10-02","20:00:00","available","400","F02"
"SLOT68cfb48034d9c","2025-10-02","22:00:00","available","400","F02"
"SLOT68cfb48036b59","2025-10-03","08:00:00","available","350","F02"
"SLOT68cfb48036eca","2025-10-03","10:00:00","available","350","F02"
"SLOT68cfb48037251","2025-10-03","12:00:00","available","350","F02"
"SLOT68cfb48037605","2025-10-03","14:00:00","available","350","F02"
"SLOT68cfb480379bf","2025-10-03","16:00:00","available","400","F02"
"SLOT68cfb48037e0d","2025-10-03","18:00:00","available","400","F02"
"SLOT68cfb48038251","2025-10-03","20:00:00","available","400","F02"
"SLOT68cfb480389b2","2025-10-03","22:00:00","available","400","F02"
"SLOT68cfb4803aac1","2025-10-04","08:00:00","available","350","F02"
"SLOT68cfb4803aeb9","2025-10-04","10:00:00","available","350","F02"
"SLOT68cfb4803b16d","2025-10-04","12:00:00","available","350","F02"
"SLOT68cfb4803b3ed","2025-10-04","14:00:00","available","350","F02"
"SLOT68cfb4803b64a","2025-10-04","16:00:00","available","400","F02"
"SLOT68cfb4803b888","2025-10-04","18:00:00","available","400","F02"
"SLOT68cfb4803ba9c","2025-10-04","20:00:00","available","400","F02"
"SLOT68cfb4803bcee","2025-10-04","22:00:00","available","400","F02"
"SLOT68cfb4803d76a","2025-10-05","08:00:00","available","350","F02"
"SLOT68cfb4803db04","2025-10-05","10:00:00","available","350","F02"
"SLOT68cfb4803ddfb","2025-10-05","12:00:00","available","350","F02"
"SLOT68cfb4803e0ab","2025-10-05","14:00:00","available","350","F02"
"SLOT68cfb4803e350","2025-10-05","16:00:00","available","400","F02"
"SLOT68cfb4803e60c","2025-10-05","18:00:00","available","400","F02"
"SLOT68cfb4803e8f9","2025-10-05","20:00:00","available","400","F02"
"SLOT68cfb4803ec88","2025-10-05","22:00:00","available","400","F02"
"SLOT68cfb48040d21","2025-10-06","08:00:00","available","350","F02"
"SLOT68cfb480411e9","2025-10-06","10:00:00","available","350","F02"
"SLOT68cfb4804148d","2025-10-06","12:00:00","available","350","F02"
"SLOT68cfb48041760","2025-10-06","14:00:00","available","350","F02"
"SLOT68cfb480419c1","2025-10-06","16:00:00","available","400","F02"
"SLOT68cfb48041c39","2025-10-06","18:00:00","available","400","F02"
"SLOT68cfb48041ec1","2025-10-06","20:00:00","available","400","F02"
"SLOT68cfb48042154","2025-10-06","22:00:00","available","400","F02"
"SLOT68cfb48043845","2025-10-07","08:00:00","available","350","F02"
"SLOT68cfb48043bd6","2025-10-07","10:00:00","available","350","F02"
"SLOT68cfb48043e92","2025-10-07","12:00:00","available","350","F02"
"SLOT68cfb480440bd","2025-10-07","14:00:00","available","350","F02"
"SLOT68cfb480442bb","2025-10-07","16:00:00","available","400","F02"
"SLOT68cfb4804452c","2025-10-07","18:00:00","available","400","F02"
"SLOT68cfb4804483a","2025-10-07","20:00:00","available","400","F02"
"SLOT68cfb48044add","2025-10-07","22:00:00","available","400","F02"
"SLOT68cfb480464e0","2025-10-08","08:00:00","available","350","F02"
"SLOT68cfb48046735","2025-10-08","10:00:00","available","350","F02"
"SLOT68cfb4804697f","2025-10-08","12:00:00","available","350","F02"
"SLOT68cfb48046b49","2025-10-08","14:00:00","available","350","F02"
"SLOT68cfb48046dd4","2025-10-08","16:00:00","available","400","F02"
"SLOT68cfb48047010","2025-10-08","18:00:00","available","400","F02"
"SLOT68cfb480471ff","2025-10-08","20:00:00","available","400","F02"
"SLOT68cfb480473cd","2025-10-08","22:00:00","available","400","F02"
"SLOT68cfb48048f8a","2025-10-09","08:00:00","available","350","F02"
"SLOT68cfb48049294","2025-10-09","10:00:00","available","350","F02"
"SLOT68cfb480496e3","2025-10-09","12:00:00","available","350","F02"
"SLOT68cfb480499f3","2025-10-09","14:00:00","available","350","F02"
"SLOT68cfb48049c87","2025-10-09","16:00:00","available","400","F02"
"SLOT68cfb48049ef3","2025-10-09","18:00:00","available","400","F02"
"SLOT68cfb4804a2d3","2025-10-09","20:00:00","available","400","F02"
"SLOT68cfb4804a6a1","2025-10-09","22:00:00","available","400","F02"
"SLOT68cfb4804c185","2025-10-10","08:00:00","available","350","F02"
"SLOT68cfb4804c41e","2025-10-10","10:00:00","available","350","F02"
"SLOT68cfb4804c635","2025-10-10","12:00:00","available","350","F02"
"SLOT68cfb4804c87e","2025-10-10","14:00:00","available","350","F02"
"SLOT68cfb4804ca67","2025-10-10","16:00:00","available","400","F02"
"SLOT68cfb4804ccb2","2025-10-10","18:00:00","available","400","F02"
"SLOT68cfb4804cef2","2025-10-10","20:00:00","available","400","F02"
"SLOT68cfb4804d19d","2025-10-10","22:00:00","available","400","F02"
"SLOT68cfb4804f494","2025-10-11","08:00:00","available","350","F02"
"SLOT68cfb4804f7c4","2025-10-11","10:00:00","available","350","F02"
"SLOT68cfb4804faac","2025-10-11","12:00:00","available","350","F02"
"SLOT68cfb4804fdba","2025-10-11","14:00:00","available","350","F02"
"SLOT68cfb48050105","2025-10-11","16:00:00","available","400","F02"
"SLOT68cfb48050420","2025-10-11","18:00:00","available","400","F02"
"SLOT68cfb480506e1","2025-10-11","20:00:00","available","400","F02"
"SLOT68cfb48050a3b","2025-10-11","22:00:00","available","400","F02"
"SLOT68cfb4805297c","2025-10-12","08:00:00","available","350","F02"
"SLOT68cfb48052ca3","2025-10-12","10:00:00","available","350","F02"
"SLOT68cfb48053063","2025-10-12","12:00:00","available","350","F02"
"SLOT68cfb48053384","2025-10-12","14:00:00","available","350","F02"
"SLOT68cfb4805365c","2025-10-12","16:00:00","available","400","F02"
"SLOT68cfb4805390c","2025-10-12","18:00:00","available","400","F02"
"SLOT68cfb48053b83","2025-10-12","20:00:00","available","400","F02"
"SLOT68cfb48053e05","2025-10-12","22:00:00","available","400","F02"
"SLOT68cfb480559ee","2025-10-13","08:00:00","available","350","F02"
"SLOT68cfb48055c3c","2025-10-13","10:00:00","available","350","F02"
"SLOT68cfb48055e42","2025-10-13","12:00:00","available","350","F02"
"SLOT68cfb48056039","2025-10-13","14:00:00","available","350","F02"
"SLOT68cfb48056262","2025-10-13","16:00:00","available","400","F02"
"SLOT68cfb4805649f","2025-10-13","18:00:00","available","400","F02"
"SLOT68cfb48056803","2025-10-13","20:00:00","available","400","F02"
"SLOT68cfb48056ad2","2025-10-13","22:00:00","available","400","F02"
"SLOT68cfb48058ba7","2025-10-14","08:00:00","available","350","F02"
"SLOT68cfb48058f2a","2025-10-14","10:00:00","available","350","F02"
"SLOT68cfb4805922e","2025-10-14","12:00:00","available","350","F02"
"SLOT68cfb480594dd","2025-10-14","14:00:00","available","350","F02"
"SLOT68cfb48059794","2025-10-14","16:00:00","available","400","F02"
"SLOT68cfb48059aa8","2025-10-14","18:00:00","available","400","F02"
"SLOT68cfb48059dc0","2025-10-14","20:00:00","available","400","F02"
"SLOT68cfb4805a0ee","2025-10-14","22:00:00","available","400","F02"
"SLOT68cfb4805c2b2","2025-10-15","08:00:00","available","350","F02"
"SLOT68cfb4805c640","2025-10-15","10:00:00","available","350","F02"
"SLOT68cfb4805c910","2025-10-15","12:00:00","available","350","F02"
"SLOT68cfb4805cbff","2025-10-15","14:00:00","available","350","F02"
"SLOT68cfb4805cec1","2025-10-15","16:00:00","available","400","F02"
"SLOT68cfb4805d182","2025-10-15","18:00:00","available","400","F02"
"SLOT68cfb4805d4b6","2025-10-15","20:00:00","available","400","F02"
"SLOT68cfb4805d788","2025-10-15","22:00:00","available","400","F02"
"SLOT68cfb4805f4c0","2025-10-16","08:00:00","available","350","F02"
"SLOT68cfb4805f8fd","2025-10-16","10:00:00","available","350","F02"
"SLOT68cfb4805fc47","2025-10-16","12:00:00","available","350","F02"
"SLOT68cfb4805ff3c","2025-10-16","14:00:00","available","350","F02"
"SLOT68cfb480603f7","2025-10-16","16:00:00","available","400","F02"
"SLOT68cfb4806070c","2025-10-16","18:00:00","available","400","F02"
"SLOT68cfb48060a00","2025-10-16","20:00:00","available","400","F02"
"SLOT68cfb48060cc3","2025-10-16","22:00:00","available","400","F02"
"SLOT68cfb48063de1","2025-10-17","08:00:00","available","350","F02"
"SLOT68cfb48064161","2025-10-17","10:00:00","available","350","F02"
"SLOT68cfb48064541","2025-10-17","12:00:00","available","350","F02"
"SLOT68cfb48064736","2025-10-17","14:00:00","available","350","F02"
"SLOT68cfb48064922","2025-10-17","16:00:00","available","400","F02"
"SLOT68cfb48064b50","2025-10-17","18:00:00","available","400","F02"
"SLOT68cfb48064e98","2025-10-17","20:00:00","available","400","F02"
"SLOT68cfb4806503a","2025-10-17","22:00:00","available","400","F02"
"SLOT68cfb48066b94","2025-10-18","08:00:00","available","350","F02"
"SLOT68cfb48066e84","2025-10-18","10:00:00","available","350","F02"
"SLOT68cfb48067167","2025-10-18","12:00:00","available","350","F02"
"SLOT68cfb4806744e","2025-10-18","14:00:00","available","350","F02"
"SLOT68cfb4806774f","2025-10-18","16:00:00","available","400","F02"
"SLOT68cfb480679ff","2025-10-18","18:00:00","available","400","F02"
"SLOT68cfb48067d46","2025-10-18","20:00:00","available","400","F02"
"SLOT68cfb480681b3","2025-10-18","22:00:00","available","400","F02"
"SLOT68cfb4806ae52","2025-10-19","08:00:00","available","350","F02"
"SLOT68cfb4806b7b1","2025-10-19","10:00:00","available","350","F02"
"SLOT68cfb4806c1c5","2025-10-19","12:00:00","available","350","F02"
"SLOT68cfb4806c81f","2025-10-19","14:00:00","available","350","F02"
"SLOT68cfb4806ce5e","2025-10-19","16:00:00","available","400","F02"
"SLOT68cfb4806d457","2025-10-19","18:00:00","available","400","F02"
"SLOT68cfb4806dc26","2025-10-19","20:00:00","available","400","F02"
"SLOT68cfb4806e339","2025-10-19","22:00:00","available","400","F02"
"SLOT68cfb480725df","2025-10-20","08:00:00","available","350","F02"
"SLOT68cfb48072d28","2025-10-20","10:00:00","available","350","F02"
"SLOT68cfb480735a2","2025-10-20","12:00:00","available","350","F02"
"SLOT68cfb480740fb","2025-10-20","14:00:00","available","350","F02"
"SLOT68cfb48074985","2025-10-20","16:00:00","available","400","F02"
"SLOT68cfb480750d0","2025-10-20","18:00:00","available","400","F02"
"SLOT68cfb48075785","2025-10-20","20:00:00","available","400","F02"
"SLOT68cfb48075d0c","2025-10-20","22:00:00","available","400","F02"
"SLOT68d1085c7db24","2025-10-21","08:00:00","available","450","F01"
"SLOT68d1085c7f6ee","2025-10-21","10:00:00","available","450","F01"
"SLOT68d1085c7fcd2","2025-10-21","12:00:00","available","450","F01"
"SLOT68d1085c80010","2025-10-21","14:00:00","available","450","F01"
"SLOT68d1085c80401","2025-10-21","16:00:00","available","500","F01"
"SLOT68d1085c806c3","2025-10-21","18:00:00","available","500","F01"
"SLOT68d1085c808ee","2025-10-21","20:00:00","available","550","F01"
"SLOT68d1085c8112f","2025-10-21","22:00:00","available","550","F01"
"SLOT68d108733849b","2025-10-21","08:00:00","available","350","F02"
"SLOT68d108733a554","2025-10-21","10:00:00","available","350","F02"
"SLOT68d108733b0a7","2025-10-21","12:00:00","available","350","F02"
"SLOT68d108733d17a","2025-10-21","14:00:00","available","350","F02"
"SLOT68d108733da2c","2025-10-21","16:00:00","available","400","F02"
"SLOT68d108733e1aa","2025-10-21","18:00:00","available","400","F02"
"SLOT68d108733e8c5","2025-10-21","20:00:00","available","400","F02"
"SLOT68d108733ef72","2025-10-21","22:00:00","available","400","F02"
"SLOT68d17937aa3aa","2025-10-22","08:00:00","available","350","F02"
"SLOT68d17937abc92","2025-10-22","10:00:00","available","350","F02"
"SLOT68d17937ac1ec","2025-10-22","12:00:00","available","350","F02"
"SLOT68d17937ac66a","2025-10-22","14:00:00","available","350","F02"
"SLOT68d17937acb0e","2025-10-22","16:00:00","available","400","F02"
"SLOT68d17937acf8b","2025-10-22","18:00:00","available","400","F02"
"SLOT68d17937ad539","2025-10-22","20:00:00","available","400","F02"
"SLOT68d17937ad947","2025-10-22","22:00:00","available","400","F02"
"SLOT68d4424077e66","2025-10-23","08:00:00","available","450","F01"
"SLOT68d4424079801","2025-10-23","10:00:00","available","450","F01"
"SLOT68d4424079d51","2025-10-23","12:00:00","available","450","F01"
"SLOT68d442407a3a7","2025-10-23","14:00:00","available","450","F01"
"SLOT68d442407adee","2025-10-23","16:00:00","available","500","F01"
"SLOT68d442407b533","2025-10-23","18:00:00","available","500","F01"
"SLOT68d442407bb32","2025-10-23","20:00:00","available","550","F01"
"SLOT68d442407c201","2025-10-23","22:00:00","available","550","F01"
"SLOT68d442407fcad","2025-10-24","08:00:00","available","450","F01"
"SLOT68d44240803ef","2025-10-24","10:00:00","available","450","F01"
"SLOT68d4424080a18","2025-10-24","12:00:00","available","450","F01"
"SLOT68d44240810cb","2025-10-24","14:00:00","available","450","F01"
"SLOT68d44240819eb","2025-10-24","16:00:00","available","500","F01"
"SLOT68d4424082205","2025-10-24","18:00:00","available","500","F01"
"SLOT68d4424082854","2025-10-24","20:00:00","available","550","F01"
"SLOT68d4424082f60","2025-10-24","22:00:00","available","550","F01"
"SLOT68d570d7d358a","2025-10-25","08:00:00","available","450","F01"
"SLOT68d570d7d4d65","2025-10-25","10:00:00","available","450","F01"
"SLOT68d570d7d514d","2025-10-25","12:00:00","available","450","F01"
"SLOT68d570d7d5459","2025-10-25","14:00:00","available","450","F01"
"SLOT68d570d7d56ca","2025-10-25","16:00:00","available","500","F01"
"SLOT68d570d7d592b","2025-10-25","18:00:00","available","500","F01"
"SLOT68d570d7d5ce4","2025-10-25","20:00:00","available","550","F01"
"SLOT68d570d7d6014","2025-10-25","22:00:00","available","550","F01"
"SLOT68dac6a945c71","2025-10-26","08:00:00","available","450","F01"
"SLOT68dac6a946bf5","2025-10-26","10:00:00","available","450","F01"
"SLOT68dac6a9471a9","2025-10-26","12:00:00","available","450","F01"
"SLOT68dac6a947b0f","2025-10-26","14:00:00","available","450","F01"
"SLOT68dac6a94854b","2025-10-26","16:00:00","available","500","F01"
"SLOT68dac6a948cde","2025-10-26","18:00:00","available","500","F01"
"SLOT68dac6a949e2c","2025-10-26","20:00:00","available","550","F01"
"SLOT68dac6a94b485","2025-10-26","22:00:00","available","550","F01"
"SLOT68dac6a95028b","2025-10-27","08:00:00","available","450","F01"
"SLOT68dac6a9507ab","2025-10-27","10:00:00","available","450","F01"
"SLOT68dac6a950bc8","2025-10-27","12:00:00","available","450","F01"
"SLOT68dac6a9510e6","2025-10-27","14:00:00","available","450","F01"
"SLOT68dac6a951670","2025-10-27","16:00:00","available","500","F01"
"SLOT68dac6a9520db","2025-10-27","18:00:00","available","500","F01"
"SLOT68dac6a952692","2025-10-27","20:00:00","available","550","F01"
"SLOT68dac6a952ae7","2025-10-27","22:00:00","available","550","F01"
"SLOT68dac6a95684b","2025-10-28","08:00:00","available","450","F01"
"SLOT68dac6a95727f","2025-10-28","10:00:00","available","450","F01"
"SLOT68dac6a95799a","2025-10-28","12:00:00","available","450","F01"
"SLOT68dac6a95824b","2025-10-28","14:00:00","available","450","F01"
"SLOT68dac6a958f89","2025-10-28","16:00:00","available","500","F01"
"SLOT68dac6a95990c","2025-10-28","18:00:00","available","500","F01"
"SLOT68dac6a95a51c","2025-10-28","20:00:00","available","550","F01"
"SLOT68dac6a95b089","2025-10-28","22:00:00","available","550","F01"
"SLOT68dac6a95ff50","2025-10-29","08:00:00","available","450","F01"
"SLOT68dac6a9604ef","2025-10-29","10:00:00","available","450","F01"
"SLOT68dac6a960ce6","2025-10-29","12:00:00","available","450","F01"
"SLOT68dac6a96187b","2025-10-29","14:00:00","available","450","F01"
"SLOT68dac6a961dee","2025-10-29","16:00:00","available","500","F01"
"SLOT68dac6a96232e","2025-10-29","18:00:00","available","500","F01"
"SLOT68dac6a9627e1","2025-10-29","20:00:00","available","550","F01"
"SLOT68dac6a962f68","2025-10-29","22:00:00","available","550","F01"
"SLOT68dd2460a1ac3","2025-10-30","08:00:00","available","450","F01"
"SLOT68dd2460a2c4a","2025-10-30","10:00:00","available","450","F01"
"SLOT68dd2460a30d2","2025-10-30","12:00:00","available","450","F01"
"SLOT68dd2460a3413","2025-10-30","14:00:00","available","450","F01"
"SLOT68dd2460a37a8","2025-10-30","16:00:00","available","500","F01"
"SLOT68dd2460a3a69","2025-10-30","18:00:00","available","500","F01"
"SLOT68dd2460a3d3f","2025-10-30","20:00:00","available","550","F01"
"SLOT68dd2460a403c","2025-10-30","22:00:00","available","550","F01"
"SLOT68dd246f6dbdd","2025-10-23","08:00:00","available","350","F02"
"SLOT68dd246f6eddc","2025-10-23","10:00:00","available","350","F02"
"SLOT68dd246f6f0ba","2025-10-23","12:00:00","available","350","F02"
"SLOT68dd246f6f2fc","2025-10-23","14:00:00","available","350","F02"
"SLOT68dd246f6f52d","2025-10-23","16:00:00","available","400","F02"
"SLOT68dd246f6f732","2025-10-23","18:00:00","available","400","F02"
"SLOT68dd246f6f9fe","2025-10-23","20:00:00","available","400","F02"
"SLOT68dd246f6fd95","2025-10-23","22:00:00","available","400","F02"
"SLOT68dd246f716b2","2025-10-24","08:00:00","available","350","F02"
"SLOT68dd246f71aab","2025-10-24","10:00:00","available","350","F02"
"SLOT68dd246f71d59","2025-10-24","12:00:00","available","350","F02"
"SLOT68dd246f71fd7","2025-10-24","14:00:00","available","350","F02"
"SLOT68dd246f722cc","2025-10-24","16:00:00","available","400","F02"
"SLOT68dd246f725a6","2025-10-24","18:00:00","available","400","F02"
"SLOT68dd246f72869","2025-10-24","20:00:00","available","400","F02"
"SLOT68dd246f72b1e","2025-10-24","22:00:00","available","400","F02"
"SLOT68dd246f748f4","2025-10-25","08:00:00","available","350","F02"
"SLOT68dd246f74c09","2025-10-25","10:00:00","available","350","F02"
"SLOT68dd246f74ede","2025-10-25","12:00:00","available","350","F02"
"SLOT68dd246f75136","2025-10-25","14:00:00","available","350","F02"
"SLOT68dd246f753ba","2025-10-25","16:00:00","available","400","F02"
"SLOT68dd246f755e3","2025-10-25","18:00:00","available","400","F02"
"SLOT68dd246f75921","2025-10-25","20:00:00","available","400","F02"
"SLOT68dd246f75c6e","2025-10-25","22:00:00","available","400","F02"
"SLOT68dd246f776b2","2025-10-26","08:00:00","available","350","F02"
"SLOT68dd246f779d4","2025-10-26","10:00:00","available","350","F02"
"SLOT68dd246f77c97","2025-10-26","12:00:00","available","350","F02"
"SLOT68dd246f77f18","2025-10-26","14:00:00","available","350","F02"
"SLOT68dd246f78187","2025-10-26","16:00:00","available","400","F02"
"SLOT68dd246f7843a","2025-10-26","18:00:00","available","400","F02"
"SLOT68dd246f786aa","2025-10-26","20:00:00","available","400","F02"
"SLOT68dd246f78994","2025-10-26","22:00:00","available","400","F02"
"SLOT68dd246f7a188","2025-10-27","08:00:00","available","350","F02"
"SLOT68dd246f7a45c","2025-10-27","10:00:00","available","350","F02"
"SLOT68dd246f7a6f5","2025-10-27","12:00:00","available","350","F02"
"SLOT68dd246f7a965","2025-10-27","14:00:00","available","350","F02"
"SLOT68dd246f7abc3","2025-10-27","16:00:00","available","400","F02"
"SLOT68dd246f7ae3d","2025-10-27","18:00:00","available","400","F02"
"SLOT68dd246f7b06c","2025-10-27","20:00:00","available","400","F02"
"SLOT68dd246f7b2f5","2025-10-27","22:00:00","available","400","F02"
"SLOT68dd246f7ce90","2025-10-28","08:00:00","available","350","F02"
"SLOT68dd246f7d1aa","2025-10-28","10:00:00","available","350","F02"
"SLOT68dd246f7d46d","2025-10-28","12:00:00","available","350","F02"
"SLOT68dd246f7d759","2025-10-28","14:00:00","available","350","F02"
"SLOT68dd246f7da87","2025-10-28","16:00:00","available","400","F02"
"SLOT68dd246f7dd93","2025-10-28","18:00:00","available","400","F02"
"SLOT68dd246f7e03f","2025-10-28","20:00:00","available","400","F02"
"SLOT68dd246f7e2e7","2025-10-28","22:00:00","available","400","F02"
"SLOT68dd246f7fc4e","2025-10-29","08:00:00","available","350","F02"
"SLOT68dd246f7ff54","2025-10-29","10:00:00","available","350","F02"
"SLOT68dd246f8020d","2025-10-29","12:00:00","available","350","F02"
"SLOT68dd246f8047b","2025-10-29","14:00:00","available","350","F02"
"SLOT68dd246f8071a","2025-10-29","16:00:00","available","400","F02"
"SLOT68dd246f80996","2025-10-29","18:00:00","available","400","F02"
"SLOT68dd246f80c0f","2025-10-29","20:00:00","available","400","F02"
"SLOT68dd246f80e6b","2025-10-29","22:00:00","available","400","F02"
"SLOT68dd246f8264e","2025-10-30","08:00:00","available","350","F02"
"SLOT68dd246f8294f","2025-10-30","10:00:00","available","350","F02"
"SLOT68dd246f82cf0","2025-10-30","12:00:00","available","350","F02"
"SLOT68dd246f83081","2025-10-30","14:00:00","available","350","F02"
"SLOT68dd246f83407","2025-10-30","16:00:00","available","400","F02"
"SLOT68dd246f83a1a","2025-10-30","18:00:00","available","400","F02"
"SLOT68dd246f83da9","2025-10-30","20:00:00","available","400","F02"
"SLOT68dd246f8402d","2025-10-30","22:00:00","available","400","F02"
"SLOT68e273726fbf4","2025-10-31","08:00:00","available","450","F01"
"SLOT68e273727081a","2025-10-31","10:00:00","available","450","F01"
"SLOT68e2737270b85","2025-10-31","12:00:00","available","450","F01"
"SLOT68e2737270f4e","2025-10-31","14:00:00","available","450","F01"
"SLOT68e27372713b1","2025-10-31","16:00:00","available","500","F01"
"SLOT68e2737271861","2025-10-31","18:00:00","available","500","F01"
"SLOT68e2737271bf2","2025-10-31","20:00:00","available","550","F01"
"SLOT68e2737271e7d","2025-10-31","22:00:00","available","550","F01"
"SLOT68e2737273cd3","2025-11-01","08:00:00","available","450","F01"
"SLOT68e27372740ee","2025-11-01","10:00:00","available","450","F01"
"SLOT68e27372744b0","2025-11-01","12:00:00","available","450","F01"
"SLOT68e2737274735","2025-11-01","14:00:00","available","450","F01"
"SLOT68e2737274913","2025-11-01","16:00:00","available","500","F01"
"SLOT68e2737274ac4","2025-11-01","18:00:00","available","500","F01"
"SLOT68e2737274c74","2025-11-01","20:00:00","available","550","F01"
"SLOT68e2737274e1b","2025-11-01","22:00:00","available","550","F01"
"SLOT68e2737276e70","2025-11-02","08:00:00","available","450","F01"
"SLOT68e27372772bb","2025-11-02","10:00:00","available","450","F01"
"SLOT68e27372778b2","2025-11-02","12:00:00","available","450","F01"
"SLOT68e2737278012","2025-11-02","14:00:00","available","450","F01"
"SLOT68e27372784a9","2025-11-02","16:00:00","available","500","F01"
"SLOT68e27372788c0","2025-11-02","18:00:00","available","500","F01"
"SLOT68e2737278e38","2025-11-02","20:00:00","available","550","F01"
"SLOT68e273727948e","2025-11-02","22:00:00","available","550","F01"
"SLOT68e273727d426","2025-11-03","08:00:00","available","450","F01"
"SLOT68e273727d83d","2025-11-03","10:00:00","available","450","F01"
"SLOT68e273727dca2","2025-11-03","12:00:00","available","450","F01"
"SLOT68e273727dfae","2025-11-03","14:00:00","available","450","F01"
"SLOT68e273727e329","2025-11-03","16:00:00","available","500","F01"
"SLOT68e273727e7f7","2025-11-03","18:00:00","available","500","F01"
"SLOT68e273727eb3c","2025-11-03","20:00:00","available","550","F01"
"SLOT68e273727f6d1","2025-11-03","22:00:00","available","550","F01"
"SLOT68e2738057c4a","2025-10-31","08:00:00","available","350","F02"
"SLOT68e2738058eb8","2025-10-31","10:00:00","available","350","F02"
"SLOT68e2738059494","2025-10-31","12:00:00","available","350","F02"
"SLOT68e2738059953","2025-10-31","14:00:00","available","350","F02"
"SLOT68e2738059db9","2025-10-31","16:00:00","available","400","F02"
"SLOT68e273805a1ab","2025-10-31","18:00:00","available","400","F02"
"SLOT68e273805a5e6","2025-10-31","20:00:00","available","400","F02"
"SLOT68e273805a981","2025-10-31","22:00:00","available","400","F02"
"SLOT68e273805d387","2025-11-01","08:00:00","available","350","F02"
"SLOT68e273805d899","2025-11-01","10:00:00","available","350","F02"
"SLOT68e273805dce0","2025-11-01","12:00:00","available","350","F02"
"SLOT68e273805e24c","2025-11-01","14:00:00","available","350","F02"
"SLOT68e273805e684","2025-11-01","16:00:00","available","400","F02"
"SLOT68e273805eab1","2025-11-01","18:00:00","available","400","F02"
"SLOT68e273805efd3","2025-11-01","20:00:00","available","400","F02"
"SLOT68e273805f452","2025-11-01","22:00:00","available","400","F02"
"SLOT68e2738062993","2025-11-02","08:00:00","available","350","F02"
"SLOT68e2738063078","2025-11-02","10:00:00","available","350","F02"
"SLOT68e2738063620","2025-11-02","12:00:00","available","350","F02"
"SLOT68e2738063be2","2025-11-02","14:00:00","available","350","F02"
"SLOT68e27380642f6","2025-11-02","16:00:00","available","400","F02"
"SLOT68e273806493b","2025-11-02","18:00:00","available","400","F02"
"SLOT68e2738065171","2025-11-02","20:00:00","available","400","F02"
"SLOT68e27380657d2","2025-11-02","22:00:00","available","400","F02"
"SLOT68e27380690c0","2025-11-03","08:00:00","available","350","F02"
"SLOT68e27380696db","2025-11-03","10:00:00","available","350","F02"
"SLOT68e2738069cf8","2025-11-03","12:00:00","available","350","F02"
"SLOT68e273806a1c5","2025-11-03","14:00:00","available","350","F02"
"SLOT68e273806a71b","2025-11-03","16:00:00","available","400","F02"
"SLOT68e273806ac19","2025-11-03","18:00:00","available","400","F02"
"SLOT68e273806b098","2025-11-03","20:00:00","available","400","F02"
"SLOT68e273806b60c","2025-11-03","22:00:00","available","400","F02"
"SLOT68e301d8d39e1","2025-11-04","08:00:00","available","450","F01"
"SLOT68e301d8d4b69","2025-11-04","10:00:00","available","450","F01"
"SLOT68e301d8d529d","2025-11-04","12:00:00","available","450","F01"
"SLOT68e301d8d59b2","2025-11-04","14:00:00","available","450","F01"
"SLOT68e301d8d5cf6","2025-11-04","16:00:00","available","500","F01"
"SLOT68e301d8d60ac","2025-11-04","18:00:00","available","500","F01"
"SLOT68e301d8d6403","2025-11-04","20:00:00","available","550","F01"
"SLOT68e301d8d663c","2025-11-04","22:00:00","available","550","F01"
"SLOT68e50c306c2eb","2025-11-05","08:00:00","available","450","F01"
"SLOT68e50c306d6f8","2025-11-05","10:00:00","available","450","F01"
"SLOT68e50c306dbf8","2025-11-05","12:00:00","available","450","F01"
"SLOT68e50c306e028","2025-11-05","14:00:00","available","450","F01"
"SLOT68e50c306e45e","2025-11-05","16:00:00","available","500","F01"
"SLOT68e50c306e858","2025-11-05","18:00:00","available","500","F01"
"SLOT68e50c306ec47","2025-11-05","20:00:00","available","550","F01"
"SLOT68e50c306f04a","2025-11-05","22:00:00","available","550","F01"
"SLOT68e50ca461584","2025-11-04","08:00:00","available","350","F02"
"SLOT68e50ca46263b","2025-11-04","10:00:00","available","350","F02"
"SLOT68e50ca462c5a","2025-11-04","12:00:00","available","350","F02"
"SLOT68e50ca463141","2025-11-04","14:00:00","available","350","F02"
"SLOT68e50ca463682","2025-11-04","16:00:00","available","400","F02"
"SLOT68e50ca463c08","2025-11-04","18:00:00","available","400","F02"
"SLOT68e50ca464129","2025-11-04","20:00:00","available","400","F02"
"SLOT68e50ca464690","2025-11-04","22:00:00","available","400","F02"
"SLOT68e50ca467470","2025-11-05","08:00:00","available","350","F02"
"SLOT68e50ca4678d7","2025-11-05","10:00:00","available","350","F02"
"SLOT68e50ca467dd8","2025-11-05","12:00:00","available","350","F02"
"SLOT68e50ca46832b","2025-11-05","14:00:00","available","350","F02"
"SLOT68e50ca468903","2025-11-05","16:00:00","available","400","F02"
"SLOT68e50ca468ea7","2025-11-05","18:00:00","available","400","F02"
"SLOT68e50ca469358","2025-11-05","20:00:00","available","400","F02"
"SLOT68e50ca4698eb","2025-11-05","22:00:00","available","400","F02"
"SLOT68e7c9f42e658","2025-11-06","08:00:00","available","450","F01"
"SLOT68e7c9f42f901","2025-11-06","10:00:00","available","450","F01"
"SLOT68e7c9f42fdbe","2025-11-06","12:00:00","available","450","F01"
"SLOT68e7c9f4301ea","2025-11-06","14:00:00","available","450","F01"
"SLOT68e7c9f43048e","2025-11-06","16:00:00","available","500","F01"
"SLOT68e7c9f43074c","2025-11-06","18:00:00","available","500","F01"
"SLOT68e7c9f430982","2025-11-06","20:00:00","available","550","F01"
"SLOT68e7c9f430bff","2025-11-06","22:00:00","available","550","F01"
"SLOT68e7c9f432e5d","2025-11-07","08:00:00","available","450","F01"
"SLOT68e7c9f4330f1","2025-11-07","10:00:00","available","450","F01"
"SLOT68e7c9f433342","2025-11-07","12:00:00","available","450","F01"
"SLOT68e7c9f4335c1","2025-11-07","14:00:00","available","450","F01"
"SLOT68e7c9f4337f6","2025-11-07","16:00:00","available","500","F01"
"SLOT68e7c9f433a11","2025-11-07","18:00:00","available","500","F01"
"SLOT68e7c9f433c2a","2025-11-07","20:00:00","available","550","F01"
"SLOT68e7c9f433e27","2025-11-07","22:00:00","available","550","F01"
"SLOT68e7ce99349c1","2025-11-06","08:00:00","available","350","F02"
"SLOT68e7ce9935dd1","2025-11-06","10:00:00","available","350","F02"
"SLOT68e7ce9936216","2025-11-06","12:00:00","available","350","F02"
"SLOT68e7ce993652f","2025-11-06","14:00:00","available","350","F02"
"SLOT68e7ce9936985","2025-11-06","16:00:00","available","400","F02"
"SLOT68e7ce9936c95","2025-11-06","18:00:00","available","400","F02"
"SLOT68e7ce9936f69","2025-11-06","20:00:00","available","400","F02"
"SLOT68e7ce9937215","2025-11-06","22:00:00","available","400","F02"
"SLOT68e7ce9938dc2","2025-11-07","08:00:00","available","350","F02"
"SLOT68e7ce99390a1","2025-11-07","10:00:00","available","350","F02"
"SLOT68e7ce993949e","2025-11-07","12:00:00","available","350","F02"
"SLOT68e7ce99397af","2025-11-07","14:00:00","available","350","F02"
"SLOT68e7ce9939a4b","2025-11-07","16:00:00","available","400","F02"
"SLOT68e7ce9939cc4","2025-11-07","18:00:00","available","400","F02"
"SLOT68e7ce993a127","2025-11-07","20:00:00","available","400","F02"
"SLOT68e7ce993a412","2025-11-07","22:00:00","available","400","F02"
"SLOT68e8af368ddea","2025-11-08","08:00:00","available","450","F01"
"SLOT68e8af36909f0","2025-11-08","10:00:00","available","450","F01"
"SLOT68e8af369106b","2025-11-08","12:00:00","available","450","F01"
"SLOT68e8af3691574","2025-11-08","14:00:00","available","450","F01"
"SLOT68e8af36919c6","2025-11-08","16:00:00","available","500","F01"
"SLOT68e8af3691dc4","2025-11-08","18:00:00","available","500","F01"
"SLOT68e8af3692292","2025-11-08","20:00:00","available","550","F01"
"SLOT68e8af36927f2","2025-11-08","22:00:00","available","550","F01"
"SLOT68ea5fe28715c","2025-11-08","08:00:00","available","350","F02"
"SLOT68ea5fe289a7b","2025-11-08","10:00:00","available","350","F02"
"SLOT68ea5fe28a2d9","2025-11-08","12:00:00","available","350","F02"
"SLOT68ea5fe28a86d","2025-11-08","14:00:00","available","350","F02"
"SLOT68ea5fe28ac6d","2025-11-08","16:00:00","available","400","F02"
"SLOT68ea5fe28b049","2025-11-08","18:00:00","available","400","F02"
"SLOT68ea5fe28b415","2025-11-08","20:00:00","available","400","F02"
"SLOT68ea5fe28bb50","2025-11-08","22:00:00","available","400","F02"
"SLOT68ea5fe28f21c","2025-11-09","08:00:00","available","350","F02"
"SLOT68ea5fe28f799","2025-11-09","10:00:00","available","350","F02"
"SLOT68ea5fe28fc6b","2025-11-09","12:00:00","available","350","F02"
"SLOT68ea5fe290117","2025-11-09","14:00:00","available","350","F02"
"SLOT68ea5fe29055e","2025-11-09","16:00:00","available","400","F02"
"SLOT68ea5fe290aa8","2025-11-09","18:00:00","available","400","F02"
"SLOT68ea5fe290fa1","2025-11-09","20:00:00","available","400","F02"
"SLOT68ea5fe291589","2025-11-09","22:00:00","available","400","F02"
"SLOT68ea63b5ca3ef","2025-11-09","08:00:00","available","450","F01"
"SLOT68ea63b5cbade","2025-11-09","10:00:00","available","450","F01"
"SLOT68ea63b5cc2cc","2025-11-09","12:00:00","available","450","F01"
"SLOT68ea63b5cc834","2025-11-09","14:00:00","available","450","F01"
"SLOT68ea63b5ccf10","2025-11-09","16:00:00","available","500","F01"
"SLOT68ea63b5cd449","2025-11-09","18:00:00","available","500","F01"
"SLOT68ea63b5cdb36","2025-11-09","20:00:00","available","550","F01"
"SLOT68ea63b5ce0aa","2025-11-09","22:00:00","available","550","F01"
"SLOT68f2476e50743","2025-11-10","08:00:00","available","450","F01"
"SLOT68f2476e51909","2025-11-10","10:00:00","available","450","F01"
"SLOT68f2476e51e7e","2025-11-10","12:00:00","available","450","F01"
"SLOT68f2476e522c9","2025-11-10","14:00:00","available","450","F01"
"SLOT68f2476e52788","2025-11-10","16:00:00","available","500","F01"
"SLOT68f2476e52bde","2025-11-10","18:00:00","available","500","F01"
"SLOT68f2476e52ffd","2025-11-10","20:00:00","available","550","F01"
"SLOT68f2476e535eb","2025-11-10","22:00:00","available","550","F01"
"SLOT68f2476e55c77","2025-11-11","08:00:00","available","450","F01"
"SLOT68f2476e561af","2025-11-11","10:00:00","available","450","F01"
"SLOT68f2476e565b3","2025-11-11","12:00:00","available","450","F01"
"SLOT68f2476e568ea","2025-11-11","14:00:00","available","450","F01"
"SLOT68f2476e56c39","2025-11-11","16:00:00","available","500","F01"
"SLOT68f2476e56ffa","2025-11-11","18:00:00","available","500","F01"
"SLOT68f2476e572d6","2025-11-11","20:00:00","available","550","F01"
"SLOT68f2476e57580","2025-11-11","22:00:00","available","550","F01"
"SLOT68f2476e59622","2025-11-12","08:00:00","available","450","F01"
"SLOT68f2476e599ab","2025-11-12","10:00:00","available","450","F01"
"SLOT68f2476e59c43","2025-11-12","12:00:00","available","450","F01"
"SLOT68f2476e59e82","2025-11-12","14:00:00","available","450","F01"
"SLOT68f2476e5a118","2025-11-12","16:00:00","available","500","F01"
"SLOT68f2476e5a377","2025-11-12","18:00:00","available","500","F01"
"SLOT68f2476e5a5d1","2025-11-12","20:00:00","available","550","F01"
"SLOT68f2476e5a7df","2025-11-12","22:00:00","available","550","F01"
"SLOT68f2476e5cea7","2025-11-13","08:00:00","available","450","F01"
"SLOT68f2476e5d21c","2025-11-13","10:00:00","available","450","F01"
"SLOT68f2476e5d4f7","2025-11-13","12:00:00","available","450","F01"
"SLOT68f2476e5d7cf","2025-11-13","14:00:00","available","450","F01"
"SLOT68f2476e5da06","2025-11-13","16:00:00","available","500","F01"
"SLOT68f2476e5dc88","2025-11-13","18:00:00","available","500","F01"
"SLOT68f2476e5df48","2025-11-13","20:00:00","available","550","F01"
"SLOT68f2476e5e19d","2025-11-13","22:00:00","available","550","F01"
"SLOT68f2476e5ffc9","2025-11-14","08:00:00","available","450","F01"
"SLOT68f2476e6044e","2025-11-14","10:00:00","available","450","F01"
"SLOT68f2476e607da","2025-11-14","12:00:00","available","450","F01"
"SLOT68f2476e60ae3","2025-11-14","14:00:00","available","450","F01"
"SLOT68f2476e60ddf","2025-11-14","16:00:00","available","500","F01"
"SLOT68f2476e61051","2025-11-14","18:00:00","available","500","F01"
"SLOT68f2476e61275","2025-11-14","20:00:00","available","550","F01"
"SLOT68f2476e615e0","2025-11-14","22:00:00","available","550","F01"
"SLOT68f2476e63a16","2025-11-15","08:00:00","available","450","F01"
"SLOT68f2476e63dd0","2025-11-15","10:00:00","available","450","F01"
"SLOT68f2476e64036","2025-11-15","12:00:00","available","450","F01"
"SLOT68f2476e64261","2025-11-15","14:00:00","available","450","F01"
"SLOT68f2476e6449f","2025-11-15","16:00:00","available","500","F01"
"SLOT68f2476e64740","2025-11-15","18:00:00","available","500","F01"
"SLOT68f2476e6499b","2025-11-15","20:00:00","available","550","F01"
"SLOT68f2476e64bf6","2025-11-15","22:00:00","available","550","F01"
"SLOT68f24a692c611","2025-11-10","08:00:00","available","350","F02"
"SLOT68f24a692df82","2025-11-10","10:00:00","available","350","F02"
"SLOT68f24a692e5a7","2025-11-10","12:00:00","available","350","F02"
"SLOT68f24a692eab9","2025-11-10","14:00:00","available","350","F02"
"SLOT68f24a692f018","2025-11-10","16:00:00","available","400","F02"
"SLOT68f24a692f73b","2025-11-10","18:00:00","available","400","F02"
"SLOT68f24a692fd68","2025-11-10","20:00:00","available","400","F02"
"SLOT68f24a6930479","2025-11-10","22:00:00","available","400","F02"
"SLOT68f24a69334a5","2025-11-11","08:00:00","available","350","F02"
"SLOT68f24a69338b7","2025-11-11","10:00:00","available","350","F02"
"SLOT68f24a6933c2c","2025-11-11","12:00:00","available","350","F02"
"SLOT68f24a6933fe7","2025-11-11","14:00:00","available","350","F02"
"SLOT68f24a693437d","2025-11-11","16:00:00","available","400","F02"
"SLOT68f24a6934675","2025-11-11","18:00:00","available","400","F02"
"SLOT68f24a6934960","2025-11-11","20:00:00","available","400","F02"
"SLOT68f24a6934c27","2025-11-11","22:00:00","available","400","F02"
"SLOT68f24a693772d","2025-11-12","08:00:00","available","350","F02"
"SLOT68f24a6937c83","2025-11-12","10:00:00","available","350","F02"
"SLOT68f24a69381e8","2025-11-12","12:00:00","available","350","F02"
"SLOT68f24a693865b","2025-11-12","14:00:00","available","350","F02"
"SLOT68f24a6938b25","2025-11-12","16:00:00","available","400","F02"
"SLOT68f24a6938fd4","2025-11-12","18:00:00","available","400","F02"
"SLOT68f24a6939542","2025-11-12","20:00:00","available","400","F02"
"SLOT68f24a6939a71","2025-11-12","22:00:00","available","400","F02"
"SLOT68f24a693d46c","2025-11-13","08:00:00","available","350","F02"
"SLOT68f24a693d9ad","2025-11-13","10:00:00","available","350","F02"
"SLOT68f24a693dfc6","2025-11-13","12:00:00","available","350","F02"
"SLOT68f24a693e548","2025-11-13","14:00:00","available","350","F02"
"SLOT68f24a693ea9f","2025-11-13","16:00:00","available","400","F02"
"SLOT68f24a693f062","2025-11-13","18:00:00","available","400","F02"
"SLOT68f24a693f6a7","2025-11-13","20:00:00","available","400","F02"
"SLOT68f24a693fbc5","2025-11-13","22:00:00","available","400","F02"
"SLOT68f24a694331f","2025-11-14","08:00:00","available","350","F02"
"SLOT68f24a6943854","2025-11-14","10:00:00","available","350","F02"
"SLOT68f24a6943e1a","2025-11-14","12:00:00","available","350","F02"
"SLOT68f24a6944bfe","2025-11-14","14:00:00","available","350","F02"
"SLOT68f24a6945123","2025-11-14","16:00:00","available","400","F02"
"SLOT68f24a6945595","2025-11-14","18:00:00","available","400","F02"
"SLOT68f24a6945ae6","2025-11-14","20:00:00","available","400","F02"
"SLOT68f24a69462c7","2025-11-14","22:00:00","available","400","F02"
"SLOT68f24a69491cc","2025-11-15","08:00:00","available","350","F02"
"SLOT68f24a69496a2","2025-11-15","10:00:00","available","350","F02"
"SLOT68f24a6949ad9","2025-11-15","12:00:00","available","350","F02"
"SLOT68f24a6949f3a","2025-11-15","14:00:00","available","350","F02"
"SLOT68f24a694a486","2025-11-15","16:00:00","available","400","F02"
"SLOT68f24a694aa8c","2025-11-15","18:00:00","available","400","F02"
"SLOT68f24a694b028","2025-11-15","20:00:00","available","400","F02"
"SLOT68f24a694b5c0","2025-11-15","22:00:00","available","400","F02"
"SLOT68f2715900425","2025-11-16","08:00:00","available","450","F01"
"SLOT68f2715901d4e","2025-11-16","10:00:00","available","450","F01"
"SLOT68f27159022da","2025-11-16","12:00:00","available","450","F01"
"SLOT68f2715902a98","2025-11-16","14:00:00","available","450","F01"
"SLOT68f271590328c","2025-11-16","16:00:00","available","500","F01"
"SLOT68f2715903867","2025-11-16","18:00:00","available","500","F01"
"SLOT68f2715903e70","2025-11-16","20:00:00","available","550","F01"
"SLOT68f27159043a4","2025-11-16","22:00:00","available","550","F01"
"SLOT68f2806b5d836","2025-11-16","08:00:00","available","350","F02"
"SLOT68f2806b5f0ab","2025-11-16","10:00:00","available","350","F02"
"SLOT68f2806b5f6f7","2025-11-16","12:00:00","available","350","F02"
"SLOT68f2806b5fc11","2025-11-16","14:00:00","available","350","F02"
"SLOT68f2806b60091","2025-11-16","16:00:00","available","400","F02"
"SLOT68f2806b604bb","2025-11-16","18:00:00","available","400","F02"
"SLOT68f2806b6090a","2025-11-16","20:00:00","available","400","F02"
"SLOT68f2806b60ded","2025-11-16","22:00:00","available","400","F02"
"SLOT68f335ce8598d","2025-10-22","08:00:00","available","450","F01"
"SLOT68f335ce87547","2025-10-22","10:00:00","available","450","F01"
"SLOT68f335ce87ba9","2025-10-22","12:00:00","available","450","F01"
"SLOT68f335ce88182","2025-10-22","14:00:00","available","450","F01"
"SLOT68f335ce88600","2025-10-22","16:00:00","available","500","F01"
"SLOT68f335ce88b0a","2025-10-22","18:00:00","available","500","F01"
"SLOT68f335ce89331","2025-10-22","20:00:00","available","550","F01"
"SLOT68f335ce89801","2025-10-22","22:00:00","available","550","F01"
"SLOT68f3cfc2073e2","2025-11-17","08:00:00","available","450","F01"
"SLOT68f3cfc208bc5","2025-11-17","10:00:00","available","450","F01"
"SLOT68f3cfc209052","2025-11-17","12:00:00","available","450","F01"
"SLOT68f3cfc20932d","2025-11-17","14:00:00","available","450","F01"
"SLOT68f3cfc2096ac","2025-11-17","16:00:00","available","500","F01"
"SLOT68f3cfc209890","2025-11-17","18:00:00","available","500","F01"
"SLOT68f3cfc209a17","2025-11-17","20:00:00","available","550","F01"
"SLOT68f3cfc209b94","2025-11-17","22:00:00","available","550","F01"
