bookingID,slotID,slot_Date,slot_Time,booking_Status
BOOK_05W4DGYXRO,SLOT_d783204bf4bf,2025-12-14,18:00:00,completed
BOOK_0CNKI78RBT,SLOT_a77e8ef9f0a0,2025-12-11,10:00:00,completed
BOOK_0MUBHJBJSP,SLOT_491a1482e944,2025-10-19,14:00:00,completed
BOOK_194S6Q1TLL,SLOT_91bd9e31422c,2026-01-02,08:00:00,completed
BOOK_1GQK6AP7GF,SLOT_3505b9ba1672,2025-12-27,22:00:00,completed
BOOK_1KTZIUJ1IM,SLOT_1e6f87261edf,2025-10-29,16:00:00,completed
BOOK_1RW6DHZKD6,SLOT_e2a86e209620,2025-12-31,22:00:00,completed
BOOK_25Y0OTGBMJ,SLOT_79606b07f4c1,2026-01-03,22:00:00,completed
BOOK_29VKHZWVG3,SLOT_d957974e8eb7,2025-11-27,18:00:00,completed
BOOK_2BLOAFKNIZ,SLOT_f87fc141778d,2025-12-26,20:00:00,completed
BOOK_2DRB06GTCR,SLOT_836781107899,2025-12-31,10:00:00,completed
BOOK_2IKFHGGK4F,SLOT_b546d6b5b6e9,2026-01-13,14:00:00,completed
BOOK_2QYALHW8OA,SLOT_5e3093e4b309,2025-11-18,22:00:00,completed
BOOK_2WM6JD9NSX,SLOT_7c9193899264,2026-01-10,18:00:00,completed
BOOK_2Y3QCCSPCA,SLOT_306aa30556ef,2025-10-22,14:00:00,completed
BOOK_34SDAUCMJD,SLOT_eca9ba4d6141,2025-12-05,16:00:00,completed
BOOK_3AORLOZCKK,SLOT_0bb6b806ae2d,2025-11-20,10:00:00,completed
BOOK_3IEKLI0KO2,SLOT_5af6c3966d98,2025-11-21,16:00:00,completed
BOOK_3ONN8F3DWS,SLOT_ec9ee15f8500,2025-12-31,08:00:00,completed
BOOK_3RDXSZDJMP,SLOT_fc9a5a1b635d,2025-12-20,22:00:00,completed
BOOK_3UDEGV7PA7,SLOT_2faf92d7709b,2025-11-16,16:00:00,completed
BOOK_40SCVC6LPN,SLOT_adcc7b31048c,2025-10-18,18:00:00,completed
BOOK_4QRTKFJLWO,SLOT_a9a029617e6f,2025-12-30,10:00:00,completed
BOOK_4S9QCMODNB,SLOT_2022b22cac13,2026-01-12,20:00:00,completed
BOOK_4XUWRFDBLF,SLOT_1e544aac8f43,2025-12-28,22:00:00,completed
BOOK_5HTA6XWGFK,SLOT_703f0402fcae,2025-10-18,10:00:00,completed
BOOK_5IZUIDTCCF,SLOT_992bd9aecff2,2025-12-31,12:00:00,completed
BOOK_5JCYTNN6A9,SLOT_994e77eca652,2025-11-20,08:00:00,completed
BOOK_5MCRPUA96D,SLOT_fb688ded8131,2025-12-19,14:00:00,completed
BOOK_5PLAD3JXQQ,SLOT_c180fc382bc4,2025-11-23,16:00:00,completed
BOOK_6NMO6HUTCK,SLOT_44e95823f1f8,2026-01-05,18:00:00,completed
BOOK_6ZGAEW8A6U,SLOT_cc5829af9702,2025-12-06,22:00:00,completed
BOOK_722AA8HSIB,SLOT_c8cad2fa7d87,2025-11-30,18:00:00,completed
BOOK_7CKKFKVKER,SLOT_cc09eb5faa42,2025-12-28,08:00:00,completed
BOOK_7Q8KZLYKOI,SLOT_ad334a863419,2025-10-22,20:00:00,completed
BOOK_7QBYN8ZZT2,SLOT_d4979bb15f05,2025-12-21,16:00:00,completed
BOOK_7SBCV3NF05,SLOT_c611b1b1f305,2025-11-15,14:00:00,completed
BOOK_8ACZYL4EXL,SLOT_10133cc2adeb,2025-11-23,08:00:00,completed
BOOK_8IXBOXUTBR,SLOT_cd327b181ce2,2025-11-17,18:00:00,completed
BOOK_8JE5JWROLE,SLOT_af08bd4a8b5d,2025-12-24,22:00:00,completed
BOOK_8LODHEHMMB,SLOT_e3d2c0554051,2026-01-11,10:00:00,completed
BOOK_8SYAOXSZET,SLOT_186383918848,2025-11-19,14:00:00,completed
BOOK_8U1HFMZ5GL,SLOT_1edf538fec32,2025-12-21,10:00:00,completed
BOOK_8VCBIUMDH3,SLOT_fdabc9a52541,2025-11-25,16:00:00,completed
BOOK_8WI30ZF0IG,SLOT_b097854d0994,2025-12-07,14:00:00,completed
BOOK_8WNW9MDV2R,SLOT_c390e36bedf7,2025-12-09,08:00:00,completed
BOOK_8ZXT4UGEBK,SLOT_9957c8ba80ca,2025-12-18,08:00:00,completed
BOOK_9FENAQ98WC,SLOT_806c0b970a71,2025-11-22,10:00:00,completed
BOOK_9PMO1XOB8K,SLOT_2211ddf6bd2d,2025-12-07,14:00:00,completed
BOOK_9UCZSZWGR9,SLOT_909b71ec95af,2026-01-09,18:00:00,completed
BOOK_9UXP5KJKOU,SLOT_2b3d0f11654b,2025-12-12,16:00:00,completed
BOOK_9V9FIRZ0KF,SLOT_54134b855651,2026-01-03,12:00:00,completed
BOOK_9ZCAHFHXBY,SLOT_d8121cfe95ac,2026-01-08,16:00:00,completed
BOOK_A1XZ15VAYG,SLOT_1b9df9875a66,2026-01-03,14:00:00,completed
BOOK_A7QMRLBCQP,SLOT_5fba0ab27251,2025-11-01,14:00:00,completed
BOOK_AAWCBH15YT,SLOT_66aa8da06988,2025-12-18,10:00:00,completed
BOOK_AG86NLPBBX,SLOT_79ad07e5a7a7,2025-12-04,14:00:00,completed
BOOK_AJFM4VPZIS,SLOT_307c2ffeadef,2025-12-31,20:00:00,completed
BOOK_ANHWJXYIQP,SLOT_741f5ed27e44,2025-12-26,08:00:00,completed
BOOK_AR5DKSCEOD,SLOT_883d5772a05a,2025-10-26,16:00:00,completed
BOOK_ARIBCDZXSF,SLOT_51d142a409ab,2025-10-18,12:00:00,completed
BOOK_B0SVP7Z5DZ,SLOT_76500d12df72,2025-12-18,18:00:00,completed
BOOK_B1ZM5VKTBV,SLOT_6b6b4d323be4,2025-11-01,12:00:00,completed
BOOK_B4QBAMDTGN,SLOT_b3fc5dce8334,2025-12-05,16:00:00,completed
BOOK_B9HYALA5BM,SLOT_8b555a45f3dc,2025-12-10,20:00:00,completed
BOOK_BADQO4O6OI,SLOT_8bbc7716c6a2,2025-12-27,16:00:00,completed
BOOK_BD9I61PNSG,SLOT_a0e05fc576b7,2025-12-21,16:00:00,completed
BOOK_BFCKDXWSMC,SLOT_ebcc866f3b76,2025-12-01,08:00:00,completed
BOOK_BFMGTKYGNY,SLOT_4148d6bab6e1,2026-01-10,10:00:00,completed
BOOK_BFT4Q84OIW,SLOT_352c3274e119,2026-01-11,20:00:00,completed
BOOK_BQZ8D590K8,SLOT_2b3eacc2a226,2025-10-23,14:00:00,completed
BOOK_BZTUJUFB27,SLOT_dad459be1237,2025-11-29,10:00:00,completed
BOOK_C3SY2BJVA8,SLOT_b809786faac4,2025-11-28,16:00:00,completed
BOOK_C4XIEBOFHV,SLOT_55aee2f51794,2025-11-13,16:00:00,completed
BOOK_CCX34QQRAQ,SLOT_b54512816601,2025-11-12,08:00:00,completed
BOOK_CDHOGBA8XT,SLOT_6b17fbec9789,2025-11-03,20:00:00,completed
BOOK_CH9KQSDI94,SLOT_88d14ef8c36d,2025-12-11,08:00:00,completed
BOOK_CK6GCGRLSR,SLOT_30dc5857ea1e,2025-12-20,12:00:00,completed
BOOK_CKNFLVIIYA,SLOT_25ed12cc47cc,2025-11-06,12:00:00,completed
BOOK_CMKQZNOGOD,SLOT_ce72d5f783c9,2025-12-10,12:00:00,completed
BOOK_CO6WUEZGNZ,SLOT_db3dc5684ba1,2026-01-10,08:00:00,completed
BOOK_CTFKD8ADS0,SLOT_742ce7c97c73,2025-11-23,10:00:00,completed
BOOK_CTMDENMZMO,SLOT_8382f62543fb,2025-12-12,10:00:00,completed
BOOK_CZG9DJITHG,SLOT_82ad927804cb,2025-11-02,10:00:00,completed
BOOK_D6DIEMXRMP,SLOT_cfa76b698957,2025-10-28,20:00:00,completed
BOOK_D6R02ANMJU,SLOT_5ee66aa3237b,2025-10-22,10:00:00,completed
BOOK_D7N4RL2NHM,SLOT_df77f6ec4fbf,2025-11-19,16:00:00,completed
BOOK_D8A2LWV8K7,SLOT_c46a79fe9794,2025-12-20,22:00:00,completed
BOOK_DACEBT9OPL,SLOT_098332b26aca,2025-11-06,08:00:00,completed
BOOK_DCKIIVNBM7,SLOT_5841ee414555,2025-11-30,14:00:00,completed
BOOK_DF2LM17UBJ,SLOT_579ad7b90f73,2025-10-26,12:00:00,completed
BOOK_DI5OIGN0PZ,SLOT_d5ddcfcac8ab,2025-11-30,16:00:00,completed
BOOK_DIBLLP1X4X,SLOT_3e58dd84900d,2026-01-03,08:00:00,completed
BOOK_DICBS3B429,SLOT_f3147ec3cca6,2025-12-07,18:00:00,completed
BOOK_DIWODBZTDQ,SLOT_fc8754fc3bab,2026-01-06,22:00:00,completed
BOOK_DJHA8PFNQZ,SLOT_88e1d4d572fc,2026-01-06,20:00:00,completed
BOOK_DKFXTSNBCC,SLOT_533ea77bff96,2025-12-05,10:00:00,completed
BOOK_DM3DBXOHXJ,SLOT_8a5777aedef1,2025-11-09,12:00:00,completed
BOOK_DQHPQX8V8O,SLOT_db822e28f0d0,2025-11-15,12:00:00,completed
BOOK_DV5ATELV9H,SLOT_554d8c96ddd3,2025-11-02,16:00:00,completed
BOOK_DVBOFTEGXZ,SLOT_f87d9add428d,2025-12-22,08:00:00,completed
BOOK_DWFWIYUWQO,SLOT_ad25bd92c2e3,2025-12-20,10:00:00,completed
BOOK_DXS5VUTPOM,SLOT_41be5a433f6f,2025-11-02,20:00:00,completed
BOOK_DYOZVEOOEX,SLOT_14396417c867,2025-10-28,20:00:00,completed
BOOK_E6VHQ6CI87,SLOT_7074189b1b49,2026-01-08,16:00:00,completed
BOOK_EACA73C9WG,SLOT_1c508e3b3352,2025-12-29,10:00:00,completed
BOOK_EBN1V4SY8G,SLOT_bd0d68fa4175,2025-12-06,14:00:00,completed
BOOK_EJCL6OTCIP,SLOT_23818e04d051,2025-11-12,08:00:00,completed
BOOK_ELDAUHVGGM,SLOT_1611e5d31abf,2025-10-27,16:00:00,completed
BOOK_EMRPTZAUTB,SLOT_daaea8831194,2025-10-19,16:00:00,completed
BOOK_EO145XNT90,SLOT_7d316247c959,2025-10-24,10:00:00,completed
BOOK_EOBUF95K6M,SLOT_4109a8e7088b,2025-11-02,12:00:00,completed
BOOK_EPFKDYVJHK,SLOT_6cf212648581,2026-01-11,12:00:00,completed
BOOK_EUAIMZM3BT,SLOT_83890c1f065a,2025-12-15,12:00:00,completed
BOOK_EWBI4VAEXC,SLOT_2314ea284e53,2025-12-21,08:00:00,completed
BOOK_EZL6RNQH4V,SLOT_502c6d7fd92f,2025-11-16,10:00:00,completed
BOOK_F08RVAPSEJ,SLOT_9a805701043a,2025-11-02,14:00:00,completed
BOOK_F5INL6MGRL,SLOT_bce46a10a3bf,2025-10-26,20:00:00,completed
BOOK_F6UYHPB3DB,SLOT_decbcbfe7a23,2025-11-22,10:00:00,completed
BOOK_F7GZDJDEGX,SLOT_2c3e8f3b1983,2025-12-27,08:00:00,completed
BOOK_F7ND1HTNTI,SLOT_b29e36a9b750,2025-12-08,14:00:00,completed
BOOK_F7VNMRNRWN,SLOT_5f0c670758cf,2025-11-15,16:00:00,completed
BOOK_FMWLRRMJVT,SLOT_52385db94148,2025-10-18,12:00:00,completed
BOOK_FQC5DMJSSK,SLOT_02c7f0bd2793,2025-10-26,18:00:00,completed
BOOK_FSRCKT3I9D,SLOT_28bd7b641492,2025-10-25,20:00:00,completed
BOOK_G1BBMTPQ5W,SLOT_37643a0b3b8e,2025-12-04,08:00:00,completed
BOOK_G2VJRDNALH,SLOT_e0b1b6689896,2025-12-02,14:00:00,completed
BOOK_G2XKFBXA8I,SLOT_5f247571a452,2025-11-15,22:00:00,completed
BOOK_G46FJKFIOO,SLOT_e14c0f26a3e1,2026-01-10,16:00:00,completed
BOOK_G87TKB69UJ,SLOT_b4ea33fd8d66,2025-11-17,08:00:00,completed
BOOK_G95G01ZT6T,SLOT_e758d99f1ed6,2025-12-21,12:00:00,completed
BOOK_GAXQGN4848,SLOT_3c934ade1f04,2025-11-08,12:00:00,completed
BOOK_GEFQLFSONA,SLOT_ff4dd63d3a62,2025-11-23,08:00:00,completed
BOOK_GFCXQMNVH5,SLOT_ce8212dd779e,2025-11-30,08:00:00,completed
BOOK_GHT5OCT5BF,SLOT_589cf98de326,2025-11-01,18:00:00,completed
BOOK_GIUEYGLVDF,SLOT_9214e98164c8,2025-10-18,16:00:00,completed
BOOK_GKIUTPO0GE,SLOT_eb5c6fad3f9c,2025-11-11,18:00:00,completed
BOOK_GQCWALQ4NR,SLOT_74dc9ff73df1,2025-11-17,22:00:00,completed
BOOK_GQDBI7P8RG,SLOT_f951474420c1,2025-11-25,22:00:00,completed
BOOK_GV8LRIDWA4,SLOT_9a653cea37d6,2025-11-26,22:00:00,completed
BOOK_GVJUOGTFSQ,SLOT_eeebad8a62f5,2026-01-04,16:00:00,completed
BOOK_HBARRGIOHL,SLOT_0f30e1f3d343,2025-12-13,12:00:00,completed
BOOK_HJ6DVAJC5C,SLOT_fee0d199ef2f,2025-12-14,20:00:00,completed
BOOK_HNNNQSCVOS,SLOT_122176ba8f12,2025-11-08,10:00:00,completed
BOOK_HPPCLHMWIO,SLOT_ab92e3fce846,2026-01-05,20:00:00,completed
BOOK_HVOJ2CQIHA,SLOT_d90578f80e93,2025-11-09,08:00:00,completed
BOOK_HZIIQMVSB7,SLOT_6634704019a7,2025-11-01,10:00:00,completed
BOOK_HZS2PBB4ES,SLOT_333854a86505,2025-10-27,20:00:00,completed
BOOK_I27BVUYWNL,SLOT_52ba00a4729a,2026-01-04,14:00:00,completed
BOOK_I5WSKKBMHG,SLOT_3c99e191fd60,2025-11-30,22:00:00,completed
BOOK_I9FUG6YKGN,SLOT_01ffee04a7e9,2025-11-03,20:00:00,completed
BOOK_II5YTCFING,SLOT_e9174c0d52b2,2025-11-23,12:00:00,completed
BOOK_ILTK3HBAXF,SLOT_9225b384763b,2025-12-14,10:00:00,completed
BOOK_IPGX0IG8GD,SLOT_c058079de2fd,2025-12-08,10:00:00,completed
BOOK_IPVHSVLK2B,SLOT_5a1320c8d57d,2025-11-07,12:00:00,completed
BOOK_IQIVMZOUMS,SLOT_8252617dd39c,2025-11-28,12:00:00,completed
BOOK_IQZG6G59GM,SLOT_0efe599864c1,2025-12-27,14:00:00,completed
BOOK_IVZTS5DXT8,SLOT_10e31e10652e,2025-10-31,08:00:00,completed
BOOK_IZ9SDGFTNK,SLOT_ead13602e305,2025-12-31,18:00:00,completed
BOOK_IZGZAOZGIC,SLOT_5aebb5b57f46,2025-10-19,14:00:00,completed
BOOK_J2E9G1GTK2,SLOT_166167f6766c,2026-01-10,22:00:00,completed
BOOK_J982T2TWFO,SLOT_0a600606f4f2,2025-10-25,20:00:00,completed
BOOK_JENHPMQGRN,SLOT_b2de0afb4c15,2025-11-29,16:00:00,completed
BOOK_JH9EK2BHHC,SLOT_4878e5c86171,2025-12-21,10:00:00,completed
BOOK_JIQVCBRHBD,SLOT_b80b3ca383d9,2025-11-02,14:00:00,completed
BOOK_JKQ5HCHJXI,SLOT_8d6d716531d9,2026-01-14,08:00:00,completed
BOOK_JLZBL4YI5W,SLOT_9d604009e81c,2025-12-21,18:00:00,completed
BOOK_JSAJUZIXTT,SLOT_edea378ab369,2025-10-19,22:00:00,completed
BOOK_JXKJFSYBUH,SLOT_e8b6b319dc60,2026-01-14,16:00:00,completed
BOOK_K58I1L1QMH,SLOT_2fc84be96b2e,2026-01-01,10:00:00,completed
BOOK_KDWXJS8MNQ,SLOT_ce103813874b,2025-12-21,18:00:00,completed
BOOK_KEPMKXA6VL,SLOT_b458059b31fc,2025-11-23,12:00:00,completed
BOOK_KFAXZ1QWQ0,SLOT_6a71d81e7168,2026-01-06,16:00:00,completed
BOOK_KLMRJTYYUR,SLOT_becdcb86b5ec,2025-12-18,12:00:00,completed
BOOK_KPLFZUSCYR,SLOT_fb5c566e4c87,2025-12-07,08:00:00,completed
BOOK_KQGJJBT4MO,SLOT_df3e57e8a902,2026-01-03,20:00:00,completed
BOOK_KSJMKTOSDA,SLOT_5b0339f4f346,2026-01-04,22:00:00,completed
BOOK_KTPQSGOKEX,SLOT_81ee34380a5c,2025-11-24,16:00:00,completed
BOOK_KUAXQ4PBCT,SLOT_e1c2640a3ad5,2025-12-07,22:00:00,completed
BOOK_KVVUWYVX9P,SLOT_5608ea44b5a9,2025-11-21,14:00:00,completed
BOOK_L7IZKK9Q1H,SLOT_290abb22bc4a,2025-11-21,08:00:00,completed
BOOK_LA05TH5OVG,SLOT_fead56a8be14,2025-10-19,10:00:00,completed
BOOK_LCTRHL5KG4,SLOT_d308b0ac7ff5,2025-12-20,14:00:00,completed
BOOK_LJJBECBWPE,SLOT_c0d93b0585a8,2025-11-29,18:00:00,completed
BOOK_LKHCT3JCVE,SLOT_cfe0de5859c4,2025-10-19,16:00:00,completed
BOOK_LM1V1IV35C,SLOT_6747a801523c,2025-11-05,08:00:00,completed
BOOK_LM4S6IA4DU,SLOT_a87aad6a2ed9,2026-01-10,22:00:00,completed
BOOK_LMKCCKXNPB,SLOT_423baea86c27,2026-01-03,20:00:00,completed
BOOK_LPQWQDMAZM,SLOT_a6051d7859ab,2025-11-12,22:00:00,completed
BOOK_LPSPQHIE1K,SLOT_2fb99381dbb5,2026-01-07,16:00:00,completed
BOOK_LRHZABD5MX,SLOT_099cd14f1524,2025-12-25,14:00:00,completed
BOOK_LWCBG4USVS,SLOT_83986a0eec4c,2025-11-11,08:00:00,completed
BOOK_LXTSSZJKSB,SLOT_5bf225bc37c7,2025-11-07,08:00:00,completed
BOOK_LYKP9WNX5V,SLOT_8bd703553115,2025-12-02,12:00:00,completed
BOOK_M7HENKBTOZ,SLOT_1049624dd643,2026-01-02,16:00:00,completed
BOOK_MC8BITRYOP,SLOT_cfe7ff772e43,2025-11-11,08:00:00,completed
BOOK_MEMVDFKTM0,SLOT_97cf62318b85,2025-11-12,12:00:00,completed
BOOK_MFVTS4LONT,SLOT_8a629dd82ba6,2025-11-15,18:00:00,completed
BOOK_MKXHAMD6S8,SLOT_6c58dfe6bef7,2025-12-19,12:00:00,completed
BOOK_MNQJG1ZE60,SLOT_a82413a8a119,2026-01-11,16:00:00,completed
BOOK_N0JPSA4FMX,SLOT_a7a6930d0072,2025-11-24,10:00:00,completed
BOOK_N6WJHRIA3R,SLOT_b4f6f0d0f527,2025-11-17,14:00:00,completed
BOOK_NGAHUETGW1,SLOT_4da38f85d065,2025-11-16,22:00:00,completed
BOOK_NNI2MNXDXO,SLOT_074d13f2cf30,2025-11-22,22:00:00,completed
BOOK_NOO7LNMJ8R,SLOT_2af32539b607,2026-01-10,20:00:00,completed
BOOK_NWCDCLACZU,SLOT_79cc318e21fa,2025-12-07,16:00:00,completed
BOOK_NXSS25TOE2,SLOT_fd6f5740e864,2025-11-09,16:00:00,completed
BOOK_NY0UEDL1CI,SLOT_631dd764aa56,2025-12-28,20:00:00,completed
BOOK_OCZBVSYHYJ,SLOT_eb03699484c8,2025-11-29,08:00:00,completed
BOOK_ONPMIW9MFV,SLOT_daa9810ea572,2025-12-19,10:00:00,completed
BOOK_OPOFM1VL7W,SLOT_80a759d26f2a,2025-11-17,20:00:00,completed
BOOK_OS6HFQSFYV,SLOT_8d1691c5e86d,2025-11-01,22:00:00,completed
BOOK_OSATBAL66C,SLOT_42afa90a10b2,2025-12-23,14:00:00,completed
BOOK_OTCXUHPHM6,SLOT_c1e82e1fccee,2025-11-09,20:00:00,completed
BOOK_OTOHZUDDVW,SLOT_3c4a5f0be6a4,2025-12-19,14:00:00,completed
BOOK_OW6389BB77,SLOT_17dd5b5ffdf2,2025-12-01,16:00:00,completed
BOOK_OXLAC7H5CR,SLOT_27274fae45b5,2025-11-29,20:00:00,completed
BOOK_OYU7LO7KBS,SLOT_99ea91e3d2df,2025-12-17,22:00:00,completed
BOOK_OZDV3ID676,SLOT_31b03b6cb38e,2026-01-11,22:00:00,completed
BOOK_P7U0E8160K,SLOT_939046a44778,2026-01-13,16:00:00,completed
BOOK_P7UUJTGPNL,SLOT_68cf3ce9e630,2025-12-31,22:00:00,completed
BOOK_PFLPYDVNWQ,SLOT_f4a14ce55d96,2025-11-30,20:00:00,completed
BOOK_PGD0DRMHD1,SLOT_7ea49c691c47,2025-11-20,16:00:00,completed
BOOK_PKFFK8SCIX,SLOT_2b002b05eccc,2025-11-16,08:00:00,completed
BOOK_PPUHIHWUEZ,SLOT_abcdfad2f400,2025-10-19,12:00:00,completed
BOOK_PREZMFGDFV,SLOT_c7c1f44b8b46,2025-11-26,08:00:00,completed
BOOK_PSUTKXYLRA,SLOT_5b063d715f37,2025-10-20,16:00:00,completed
BOOK_PTL40QUCRJ,SLOT_0e1eefe8d5cd,2025-11-15,12:00:00,completed
BOOK_PV5VRL9OOM,SLOT_479c0bc221ef,2025-10-28,08:00:00,completed
BOOK_PVOEMWDWBD,SLOT_6ea6450749e4,2025-11-02,08:00:00,completed
BOOK_Q1YVVC4TFC,SLOT_bac1eb4a5bc4,2025-10-26,10:00:00,completed
BOOK_Q67RM2ESJC,SLOT_99719928ffe3,2025-12-10,10:00:00,completed
BOOK_QE91XKGSMK,SLOT_bc227b454f98,2025-11-23,16:00:00,completed
BOOK_QEBOCBU0VF,SLOT_1a6c36a021d7,2025-12-08,22:00:00,completed
BOOK_QGIQMPY1LH,SLOT_82d2b9280ccc,2025-10-18,08:00:00,completed
BOOK_QJ5SLGN7TW,SLOT_889b3e0035bb,2025-11-27,14:00:00,completed
BOOK_QLSLPCGMCH,SLOT_ff194fd8d04b,2025-12-07,12:00:00,completed
BOOK_QPS9VXFAMC,SLOT_b5431c8470a2,2025-10-25,08:00:00,completed
BOOK_QSJD7QIW73,SLOT_ea7a9e7deb04,2025-11-05,14:00:00,completed
BOOK_QTBQ6XAPZI,SLOT_12d4b9d31006,2025-12-16,10:00:00,completed
BOOK_QWPQ9L9NTB,SLOT_c9ea49c6b9b7,2025-12-14,14:00:00,completed
BOOK_R4ZRFA93BG,SLOT_ba034c1d3d03,2025-11-15,20:00:00,completed
BOOK_RKLVA8J6ZL,SLOT_491439cb4dce,2025-11-21,14:00:00,completed
BOOK_RNDKHIAX3X,SLOT_20075fb4d73f,2026-01-04,12:00:00,completed
BOOK_ROWIDKEJEW,SLOT_0ee0be8a20c0,2025-11-09,20:00:00,completed
BOOK_RSMLAEXAE7,SLOT_740692e2b1b5,2026-01-04,12:00:00,completed
BOOK_RT3ZHB3VD8,SLOT_673ecfe03dad,2026-01-10,12:00:00,completed
BOOK_RTAWCAEONU,SLOT_753250f6d87c,2025-10-26,18:00:00,completed
BOOK_RU7I2ABJTY,SLOT_2ed8f96ca11b,2025-12-24,18:00:00,completed
BOOK_RVUWPG7P39,SLOT_762f518b3081,2025-12-20,08:00:00,completed
BOOK_SC8QTDUI0N,SLOT_99672092eb4b,2025-10-18,22:00:00,completed
BOOK_SFNLNPTWQ2,SLOT_4cbd2c084fef,2025-12-06,18:00:00,completed
BOOK_SIXTICFQGJ,SLOT_a87686797414,2026-01-03,14:00:00,completed
BOOK_SL8HDD7GRH,SLOT_3e06e05c6df1,2025-12-04,20:00:00,completed
BOOK_SMSMKFALI3,SLOT_5de4e134169c,2026-01-01,14:00:00,completed
BOOK_SPCE6MULQZ,SLOT_9e24e63d918b,2025-11-02,10:00:00,completed
BOOK_SRJT99G2B6,SLOT_6e74c9b7f668,2025-11-19,14:00:00,completed
BOOK_SRZDDTIQZN,SLOT_4b57b03781c1,2025-11-22,12:00:00,completed
BOOK_SSDLYZDYZD,SLOT_0a128e274c4c,2025-12-05,10:00:00,completed
BOOK_STEUC2XXMJ,SLOT_b4f16bed09e5,2025-12-28,20:00:00,completed
BOOK_STXKUD684F,SLOT_9feb29917a6d,2025-10-25,22:00:00,completed
BOOK_TEI39XAVAV,SLOT_4431e778dda5,2025-10-31,08:00:00,completed
BOOK_TFNY9ZYYE7,SLOT_ad27065ede17,2025-12-28,22:00:00,completed
BOOK_TFV9LGUXQU,SLOT_4d1ce785bf3d,2025-11-22,08:00:00,completed
BOOK_TGF4KHQBRY,SLOT_0bc39e4ece0b,2026-01-15,14:00:00,completed
BOOK_THBDZKYSPJ,SLOT_f3ba0639b7b6,2025-11-02,16:00:00,completed
BOOK_TIJMNXGO45,SLOT_bc943f2a76db,2025-12-10,22:00:00,completed
BOOK_TKQC7NFE7T,SLOT_a2085763bd8a,2025-12-07,20:00:00,completed
BOOK_TNVYLJIJG7,SLOT_68a291309116,2025-11-24,14:00:00,completed
BOOK_TWDY7CJ2IL,SLOT_6a97db3f53f5,2025-11-16,20:00:00,completed
BOOK_TWQBX8AJ0H,SLOT_7d089c205100,2025-12-20,18:00:00,completed
BOOK_TXKOHJ47GI,SLOT_c7e8aaef0de3,2025-11-03,12:00:00,completed
BOOK_U4URRPGZWI,SLOT_8a719b90beca,2025-12-14,08:00:00,completed
BOOK_UDJGOWHXJY,SLOT_f6269a96cfac,2025-12-21,08:00:00,completed
BOOK_UFYV6LSKJS,SLOT_8a4989dd0da5,2025-12-13,10:00:00,completed
BOOK_UG2OGJNBW8,SLOT_6f9a88125a08,2025-10-20,08:00:00,completed
BOOK_UGWGDVTLUQ,SLOT_a48c427334fb,2026-01-03,18:00:00,completed
BOOK_UISAJSFZT0,SLOT_ed41d45313c9,2025-11-08,18:00:00,completed
BOOK_UJFD8UYKZQ,SLOT_9a2a51b3956a,2025-12-06,20:00:00,completed
BOOK_ULBWBGB8JF,SLOT_af2236419c5a,2025-12-01,12:00:00,completed
BOOK_UPEHRDYGXZ,SLOT_c68459e8c78a,2025-12-13,08:00:00,completed
BOOK_UTWPGAHUPJ,SLOT_01858b443be8,2025-11-13,20:00:00,completed
BOOK_UVSJDCPSGI,SLOT_4911e8241cdd,2025-12-31,18:00:00,completed
BOOK_UZWYGLDGHH,SLOT_da4aa8e9ee92,2025-12-14,10:00:00,completed
BOOK_V1UAEUGGLR,SLOT_8548666a4edb,2025-11-02,18:00:00,completed
BOOK_V3HC5XMLP5,SLOT_2c429fd1969d,2025-11-17,10:00:00,completed
BOOK_V3L3NBDTIF,SLOT_6a601a2ae6a7,2025-11-30,16:00:00,completed
BOOK_VBYU7XZ68N,SLOT_37a4c5a3bc8a,2025-11-23,18:00:00,completed
BOOK_VC9TPBZSEW,SLOT_12769636867e,2025-10-31,12:00:00,completed
BOOK_VETZXKEZSB,SLOT_107521dd5218,2025-10-30,16:00:00,completed
BOOK_VFJQFMXJQ8,SLOT_0c111bff3554,2026-01-09,22:00:00,completed
BOOK_VMYXPA658K,SLOT_fa3ba79deeea,2025-10-19,20:00:00,completed
BOOK_VRBLCPXMCK,SLOT_20ccae3c7cf6,2025-12-16,18:00:00,completed
BOOK_VZFCWNQM5T,SLOT_d951cbd07156,2025-10-28,08:00:00,completed
BOOK_WESM7UGGAE,SLOT_78a02dda7e63,2025-11-07,22:00:00,completed
BOOK_WFWUSWLWK4,SLOT_6ed68aad9fcc,2025-11-30,08:00:00,completed
BOOK_WH9JXJ2CD8,SLOT_ea5ff8411a98,2025-12-07,16:00:00,completed
BOOK_WHRWMFWQ7O,SLOT_5603aaa8821b,2025-11-23,18:00:00,completed
BOOK_WJGMODREFP,SLOT_6b55e618cd54,2026-01-03,16:00:00,completed
BOOK_WK5XUETR8S,SLOT_b8c0b7626de6,2026-01-04,08:00:00,completed
BOOK_WMNME5DOJL,SLOT_25414cc65d55,2025-11-29,22:00:00,completed
BOOK_WSQJPR7MFL,SLOT_1fe49ec32b5e,2025-12-15,14:00:00,completed
BOOK_WXMR3P34KZ,SLOT_df753b4f0069,2026-01-02,20:00:00,completed
BOOK_XKA7QTVKTU,SLOT_ece305d61063,2025-10-25,12:00:00,completed
BOOK_XNFRXPIXGJ,SLOT_206cc4022b9f,2025-12-04,18:00:00,completed
BOOK_XOS0QERL2H,SLOT_ecccb59a216c,2025-11-17,22:00:00,completed
BOOK_XRB5FW6FQ4,SLOT_af51f095e262,2025-12-20,08:00:00,completed
BOOK_XRKBBDXW6O,SLOT_94b2871bc5b5,2026-01-15,16:00:00,completed
BOOK_XWRPFGQG6S,SLOT_bc6eb9a60376,2025-12-17,10:00:00,completed
BOOK_XXTFGZK9NR,SLOT_d4f4f61935b4,2025-11-05,20:00:00,completed
BOOK_XYDQYYR5UI,SLOT_0270e48a7469,2026-01-05,10:00:00,completed
BOOK_XZO0PDLYHX,SLOT_1cee3bfcc2dd,2025-12-07,18:00:00,completed
BOOK_Y2QWVGWBRY,SLOT_19114d8c6e42,2025-12-15,14:00:00,completed
BOOK_Y7QVSVF4LL,SLOT_c1f188838dc7,2025-11-08,12:00:00,completed
BOOK_YBBALFWOID,SLOT_dd89e950592b,2025-10-21,12:00:00,completed
BOOK_YE2AN0QJXH,SLOT_1cdc7e1260bb,2026-01-03,08:00:00,completed
BOOK_YGPNCIFDKV,SLOT_efe2d9afc565,2025-11-08,14:00:00,completed
BOOK_YJBBFCMZTZ,SLOT_83e098561b11,2025-11-08,16:00:00,completed
BOOK_YKP21KCOPF,SLOT_0bd44e3e1186,2025-11-28,20:00:00,completed
BOOK_YLKW2PLU1Q,SLOT_a6a2368f4cb0,2025-10-18,10:00:00,completed
BOOK_YMXRXKS647,SLOT_a6cdb81d4351,2026-01-12,14:00:00,completed
BOOK_YORMRQLF07,SLOT_54ca99d4cef1,2026-01-04,10:00:00,completed
BOOK_YSR4BBQCHB,SLOT_301c196a0a80,2025-12-06,16:00:00,completed
BOOK_ZA1RSFTOEG,SLOT_026160f7a685,2025-11-22,08:00:00,completed
BOOK_ZCITOH2KWI,SLOT_666706262bb7,2025-11-03,16:00:00,completed
BOOK_ZCK5DCOYSC,SLOT_5be18c177da2,2025-12-01,14:00:00,completed
BOOK_ZG7MAM07DZ,SLOT_bfb73953191d,2025-12-28,16:00:00,completed
BOOK_ZHGV1UFRXJ,SLOT_469e2e920a5c,2025-11-05,14:00:00,completed
BOOK_ZHRNW2MDZ1,SLOT_a8944cf7ef00,2025-11-08,18:00:00,completed
BOOK_ZJUN6Y5J4W,SLOT_e5883378365f,2025-12-02,18:00:00,completed
BOOK_ZMHIH7APB0,SLOT_805565f3efa4,2025-10-23,22:00:00,completed
BOOK_ZPCTMPLWYJ,SLOT_a8a49a9cceb8,2026-01-10,08:00:00,completed
BOOK_ZT5TATP3XT,SLOT_b107a935f75c,2025-11-23,14:00:00,completed
BOOK_ZTG7OKPMJU,SLOT_90afdaaac818,2026-01-15,10:00:00,completed
BOOK6957871423165,SLOT6953c44000b8d,2026-01-03,20:00:00,paid
BOOK6957875c139d9,SLOT6953cba59f8ce,2026-01-03,20:00:00,paid
BOOK695cc91f83a61,SLOT6953c4400f3f5,2026-01-10,20:00:00,paid
BOOK69600fe7c3602,SLOT6953cba5b1904,2026-01-10,10:00:00,completed
BOOK696010ae18787,SLOT6953c4400f4b2,2026-01-10,22:00:00,completed
BOOK6960117fd710e,SLOT6953c4400f2ea,2026-01-10,18:00:00,completed
BOOK6960176f0132a,SLOT6953c4400f17a,2026-01-10,16:00:00,completed
